-- phpMyAdmin SQL Dump
-- version 5.2.0
-- https://www.phpmyadmin.net/
--
-- Host: 127.0.0.1
-- Generation Time: May 04, 2023 at 04:28 AM
-- Server version: 10.4.27-MariaDB
-- PHP Version: 8.2.0

SET SQL_MODE = "NO_AUTO_VALUE_ON_ZERO";
START TRANSACTION;
SET time_zone = "+00:00";


/*!40101 SET @OLD_CHARACTER_SET_CLIENT=@@CHARACTER_SET_CLIENT */;
/*!40101 SET @OLD_CHARACTER_SET_RESULTS=@@CHARACTER_SET_RESULTS */;
/*!40101 SET @OLD_COLLATION_CONNECTION=@@COLLATION_CONNECTION */;
/*!40101 SET NAMES utf8mb4 */;

--
-- Database: `db_prediksipenjualan`
--
CREATE DATABASE IF NOT EXISTS `db_prediksipenjualan` DEFAULT CHARACTER SET utf8mb4 COLLATE utf8mb4_general_ci;
USE `db_prediksipenjualan`;

-- --------------------------------------------------------

--
-- Table structure for table `logactivity`
--

CREATE TABLE `logactivity` (
  `nomor` int(11) NOT NULL,
  `waktu` datetime NOT NULL,
  `username` varchar(100) NOT NULL,
  `method` varchar(100) NOT NULL,
  `url` varchar(100) NOT NULL,
  `data` varchar(1000) NOT NULL
) ENGINE=InnoDB DEFAULT CHARSET=utf8mb4 COLLATE=utf8mb4_general_ci;

--
-- Dumping data for table `logactivity`
--

INSERT INTO `logactivity` (`nomor`, `waktu`, `username`, `method`, `url`, `data`) VALUES
(352, '2023-04-15 13:37:01', 'admin', 'GET', '/produk/daftar', '{}'),
(353, '2023-04-15 13:37:01', 'admin', 'GET', '/produk/daftar', '{}'),
(354, '2023-04-15 13:37:29', 'admin', 'POST', '/produk/tambah', '{\"kodeProduk\":\"PKTLSP\",\"namaProduk\":\"Paket Rangkaian Lampu Seri Pararel\",\"jenisProduk\":\"Paket Rangkaian\",\"totalPenjualan\":0}'),
(355, '2023-04-15 13:37:30', 'admin', 'GET', '/produk/daftar', '{}'),
(356, '2023-04-15 13:37:30', 'admin', 'GET', '/produk/daftar', '{}'),
(357, '2023-04-15 13:37:33', 'admin', 'GET', '/penjualan/daftar/PKTLSP', '{}'),
(358, '2023-04-15 13:37:33', 'admin', 'GET', '/penjualan/daftar/PKTLSP', '{}'),
(359, '2023-04-15 13:37:37', 'admin', 'GET', '/penjualan/daftar/PKTLSP', '{}'),
(360, '2023-04-15 13:37:46', 'admin', 'GET', '/produk/daftar', '{}'),
(361, '2023-04-15 13:37:46', 'admin', 'GET', '/produk/daftar', '{}'),
(362, '2023-04-15 13:37:48', 'admin', 'GET', '/prediksi/PKTLSP', '{}'),
(363, '2023-04-15 13:37:48', 'admin', 'GET', '/prediksi/PKTLSP', '{}'),
(364, '2023-04-15 13:41:56', 'admin', 'GET', '/produk/daftar', '{}'),
(365, '2023-04-15 13:41:56', 'admin', 'GET', '/produk/daftar', '{}'),
(366, '2023-04-15 13:42:23', 'admin', 'POST', '/produk/tambah', '{\"kodeProduk\":\"RNT6MM\",\"namaProduk\":\"Rantai Besi Pagar 6mm\",\"jenisProduk\":\"Rantai\",\"totalPenjualan\":0}'),
(367, '2023-04-15 13:42:24', 'admin', 'GET', '/produk/daftar', '{}'),
(368, '2023-04-15 13:42:24', 'admin', 'GET', '/produk/daftar', '{}'),
(369, '2023-04-15 13:42:27', 'admin', 'GET', '/penjualan/daftar/RNT6MM', '{}'),
(370, '2023-04-15 13:42:28', 'admin', 'GET', '/penjualan/daftar/RNT6MM', '{}'),
(371, '2023-04-15 13:42:31', 'admin', 'GET', '/penjualan/daftar/RNT6MM', '{}'),
(372, '2023-04-15 13:42:35', 'admin', 'GET', '/produk/daftar', '{}'),
(373, '2023-04-15 13:42:35', 'admin', 'GET', '/produk/daftar', '{}'),
(374, '2023-04-15 13:42:39', 'admin', 'GET', '/prediksi/RNT6MM', '{}'),
(375, '2023-04-15 13:42:39', 'admin', 'GET', '/prediksi/RNT6MM', '{}'),
(376, '2023-04-15 13:43:28', 'admin', 'GET', '/produk/daftar', '{}'),
(377, '2023-04-15 13:43:28', 'admin', 'GET', '/produk/daftar', '{}'),
(378, '2023-04-15 13:43:39', 'admin', 'POST', '/produk/tambah', '{\"kodeProduk\":\"RNT5MM\",\"namaProduk\":\"Rantai Besi Pagar 5mm\",\"jenisProduk\":\"Rantai\",\"totalPenjualan\":0}'),
(379, '2023-04-15 13:43:39', 'admin', 'GET', '/produk/daftar', '{}'),
(380, '2023-04-15 13:43:39', 'admin', 'GET', '/produk/daftar', '{}'),
(381, '2023-04-15 13:43:42', 'admin', 'GET', '/penjualan/daftar/RNT5MM', '{}'),
(382, '2023-04-15 13:43:43', 'admin', 'GET', '/penjualan/daftar/RNT5MM', '{}'),
(383, '2023-04-15 13:43:50', 'admin', 'GET', '/penjualan/daftar/RNT5MM', '{}'),
(384, '2023-04-15 13:44:05', 'admin', 'POST', '/penjualan/hapus', '{\"kodePenjualan\":\"RNT5MM20243\"}'),
(385, '2023-04-15 13:44:05', 'admin', 'GET', '/penjualan/daftar/RNT5MM', '{}'),
(386, '2023-04-15 13:44:06', 'admin', 'POST', '/penjualan/hapus', '{\"kodePenjualan\":\"RNT5MM20231\"}'),
(387, '2023-04-15 13:44:06', 'admin', 'GET', '/penjualan/daftar/RNT5MM', '{}'),
(388, '2023-04-15 13:44:07', 'admin', 'POST', '/penjualan/hapus', '{\"kodePenjualan\":\"RNT5MM20232\"}'),
(389, '2023-04-15 13:44:07', 'admin', 'GET', '/penjualan/daftar/RNT5MM', '{}'),
(390, '2023-04-15 13:44:07', 'admin', 'POST', '/penjualan/hapus', '{\"kodePenjualan\":\"RNT5MM20233\"}'),
(391, '2023-04-15 13:44:07', 'admin', 'GET', '/penjualan/daftar/RNT5MM', '{}'),
(392, '2023-04-15 13:44:08', 'admin', 'POST', '/penjualan/hapus', '{\"kodePenjualan\":\"RNT5MM20234\"}'),
(393, '2023-04-15 13:44:08', 'admin', 'GET', '/penjualan/daftar/RNT5MM', '{}'),
(394, '2023-04-15 13:44:08', 'admin', 'POST', '/penjualan/hapus', '{\"kodePenjualan\":\"RNT5MM20235\"}'),
(395, '2023-04-15 13:44:08', 'admin', 'GET', '/penjualan/daftar/RNT5MM', '{}'),
(396, '2023-04-15 13:44:09', 'admin', 'POST', '/penjualan/hapus', '{\"kodePenjualan\":\"RNT5MM20236\"}'),
(397, '2023-04-15 13:44:09', 'admin', 'GET', '/penjualan/daftar/RNT5MM', '{}'),
(398, '2023-04-15 13:44:09', 'admin', 'POST', '/penjualan/hapus', '{\"kodePenjualan\":\"RNT5MM20237\"}'),
(399, '2023-04-15 13:44:09', 'admin', 'GET', '/penjualan/daftar/RNT5MM', '{}'),
(400, '2023-04-15 13:44:10', 'admin', 'POST', '/penjualan/hapus', '{\"kodePenjualan\":\"RNT5MM20238\"}'),
(401, '2023-04-15 13:44:10', 'admin', 'GET', '/penjualan/daftar/RNT5MM', '{}'),
(402, '2023-04-15 13:44:11', 'admin', 'POST', '/penjualan/hapus', '{\"kodePenjualan\":\"RNT5MM20239\"}'),
(403, '2023-04-15 13:44:11', 'admin', 'GET', '/penjualan/daftar/RNT5MM', '{}'),
(404, '2023-04-15 13:44:11', 'admin', 'POST', '/penjualan/hapus', '{\"kodePenjualan\":\"RNT5MM202310\"}'),
(405, '2023-04-15 13:44:11', 'admin', 'GET', '/penjualan/daftar/RNT5MM', '{}'),
(406, '2023-04-15 13:44:12', 'admin', 'POST', '/penjualan/hapus', '{\"kodePenjualan\":\"RNT5MM202311\"}'),
(407, '2023-04-15 13:44:12', 'admin', 'GET', '/penjualan/daftar/RNT5MM', '{}'),
(408, '2023-04-15 13:44:12', 'admin', 'POST', '/penjualan/hapus', '{\"kodePenjualan\":\"RNT5MM202312\"}'),
(409, '2023-04-15 13:44:12', 'admin', 'GET', '/penjualan/daftar/RNT5MM', '{}'),
(410, '2023-04-15 13:44:12', 'admin', 'POST', '/penjualan/hapus', '{\"kodePenjualan\":\"RNT5MM20241\"}'),
(411, '2023-04-15 13:44:12', 'admin', 'GET', '/penjualan/daftar/RNT5MM', '{}'),
(412, '2023-04-15 13:44:13', 'admin', 'POST', '/penjualan/hapus', '{\"kodePenjualan\":\"RNT5MM20242\"}'),
(413, '2023-04-15 13:44:13', 'admin', 'GET', '/penjualan/daftar/RNT5MM', '{}'),
(414, '2023-04-15 13:44:16', 'admin', 'GET', '/penjualan/daftar/RNT5MM', '{}'),
(415, '2023-04-15 13:44:24', 'admin', 'GET', '/produk/daftar', '{}'),
(416, '2023-04-15 13:44:24', 'admin', 'GET', '/produk/daftar', '{}'),
(417, '2023-04-15 13:44:35', 'admin', 'POST', '/produk/tambah', '{\"kodeProduk\":\"RNT4MM\",\"namaProduk\":\"Rantai Besi Pagar 4mm\",\"jenisProduk\":\"Rantai\",\"totalPenjualan\":0}'),
(418, '2023-04-15 13:44:36', 'admin', 'GET', '/produk/daftar', '{}'),
(419, '2023-04-15 13:44:36', 'admin', 'GET', '/produk/daftar', '{}'),
(420, '2023-04-15 13:44:38', 'admin', 'GET', '/penjualan/daftar/RNT4MM', '{}'),
(421, '2023-04-15 13:44:38', 'admin', 'GET', '/penjualan/daftar/RNT4MM', '{}'),
(422, '2023-04-15 13:44:53', 'admin', 'GET', '/penjualan/daftar/RNT4MM', '{}'),
(423, '2023-04-15 13:44:57', 'admin', 'GET', '/produk/daftar', '{}'),
(424, '2023-04-15 13:44:57', 'admin', 'GET', '/produk/daftar', '{}'),
(425, '2023-04-15 13:45:01', 'admin', 'GET', '/prediksi/RNT4MM', '{}'),
(426, '2023-04-15 13:45:01', 'admin', 'GET', '/prediksi/RNT4MM', '{}'),
(427, '2023-04-15 13:45:14', 'admin', 'GET', '/prediksi/RNT5MM', '{}'),
(428, '2023-04-15 13:45:14', 'admin', 'GET', '/prediksi/RNT5MM', '{}'),
(429, '2023-04-15 13:45:21', 'admin', 'GET', '/prediksi/RNT4MM', '{}'),
(430, '2023-04-15 13:45:21', 'admin', 'GET', '/prediksi/RNT4MM', '{}'),
(431, '2023-04-15 13:45:28', 'admin', 'GET', '/prediksi/RNT4MM', '{}'),
(432, '2023-04-15 13:45:28', 'admin', 'GET', '/prediksi/RNT4MM', '{}'),
(433, '2023-04-15 13:46:01', 'admin', 'GET', '/produk/daftar', '{}'),
(434, '2023-04-15 13:46:02', 'admin', 'GET', '/produk/daftar', '{}'),
(435, '2023-04-15 13:46:05', 'admin', 'GET', '/penjualan/daftar/RNT4MM', '{}'),
(436, '2023-04-15 13:46:05', 'admin', 'GET', '/penjualan/daftar/RNT4MM', '{}'),
(437, '2023-04-15 13:47:48', 'admin', 'GET', '/prediksi/RNT4MM', '{}'),
(438, '2023-04-15 13:47:49', 'admin', 'GET', '/prediksi/RNT4MM', '{}'),
(439, '2023-04-15 13:47:56', 'admin', 'GET', '/prediksi/RNT4MM', '{}'),
(440, '2023-04-15 13:47:56', 'admin', 'GET', '/prediksi/RNT4MM', '{}'),
(441, '2023-04-15 13:48:10', 'admin', 'GET', '/prediksi/RNT4MM', '{}'),
(442, '2023-04-15 13:48:10', 'admin', 'GET', '/prediksi/RNT4MM', '{}'),
(443, '2023-04-15 13:48:23', 'admin', 'GET', '/prediksi/RNT4MM', '{}'),
(444, '2023-04-15 13:48:23', 'admin', 'GET', '/prediksi/RNT4MM', '{}'),
(445, '2023-04-15 13:49:58', 'admin', 'GET', '/prediksi/RNT4MM', '{}'),
(446, '2023-04-15 13:49:58', 'admin', 'GET', '/prediksi/RNT4MM', '{}'),
(447, '2023-04-15 13:50:42', 'admin', 'GET', '/prediksi/RNT4MM', '{}'),
(448, '2023-04-15 13:50:42', 'admin', 'GET', '/prediksi/RNT4MM', '{}'),
(449, '2023-04-15 13:51:06', 'admin', 'GET', '/prediksi/RNT4MM', '{}'),
(450, '2023-04-15 13:51:06', 'admin', 'GET', '/prediksi/RNT4MM', '{}'),
(451, '2023-04-15 13:52:05', 'admin', 'GET', '/produk/daftar', '{}'),
(452, '2023-04-15 13:52:05', 'admin', 'GET', '/produk/daftar', '{}'),
(453, '2023-04-15 13:52:46', 'admin', 'POST', '/produk/tambah', '{\"kodeProduk\":\"Fitting dan Bohlam Lampu E10\",\"namaProduk\":\"FBLE10\",\"jenisProduk\":\"Lampu\",\"totalPenjualan\":0}'),
(454, '2023-04-15 13:52:47', 'admin', 'GET', '/produk/daftar', '{}'),
(455, '2023-04-15 13:52:47', 'admin', 'GET', '/produk/daftar', '{}'),
(456, '2023-04-15 13:52:57', 'admin', 'GET', '/produk/data/Fitting%20dan%20Bohlam%20Lampu%20E10', '{}'),
(457, '2023-04-15 13:52:57', 'admin', 'GET', '/produk/data/Fitting%20dan%20Bohlam%20Lampu%20E10', '{}'),
(458, '2023-04-15 13:52:59', 'admin', 'GET', '/produk/daftar', '{}'),
(459, '2023-04-15 13:52:59', 'admin', 'GET', '/produk/daftar', '{}'),
(460, '2023-04-15 13:53:00', 'admin', 'POST', '/produk/hapus', '{\"kodeProduk\":\"Fitting dan Bohlam Lampu E10\"}'),
(461, '2023-04-15 13:53:00', 'admin', 'GET', '/produk/daftar', '{}'),
(462, '2023-04-15 13:53:12', 'admin', 'POST', '/produk/tambah', '{\"kodeProduk\":\"FBLE10\",\"namaProduk\":\"Fitting Bohlam Lampu E10\",\"jenisProduk\":\"Lampu\",\"totalPenjualan\":0}'),
(463, '2023-04-15 13:53:13', 'admin', 'GET', '/produk/daftar', '{}'),
(464, '2023-04-15 13:53:13', 'admin', 'GET', '/produk/daftar', '{}'),
(465, '2023-04-15 13:53:16', 'admin', 'GET', '/penjualan/daftar/FBLE10', '{}'),
(466, '2023-04-15 13:53:16', 'admin', 'GET', '/penjualan/daftar/FBLE10', '{}'),
(467, '2023-04-15 13:53:19', 'admin', 'GET', '/penjualan/daftar/FBLE10', '{}'),
(468, '2023-04-15 13:53:23', 'admin', 'GET', '/produk/daftar', '{}'),
(469, '2023-04-15 13:53:24', 'admin', 'GET', '/produk/daftar', '{}'),
(470, '2023-04-15 13:53:28', 'admin', 'GET', '/prediksi/FBLE10', '{}'),
(471, '2023-04-15 13:53:28', 'admin', 'GET', '/prediksi/FBLE10', '{}'),
(472, '2023-04-15 13:54:22', 'admin', 'GET', '/prediksi/FBLE10', '{}'),
(473, '2023-04-15 13:54:33', 'admin', 'GET', '/produk/daftar', '{}'),
(474, '2023-04-15 13:54:33', 'admin', 'GET', '/produk/daftar', '{}'),
(475, '2023-04-15 13:55:45', 'admin', 'POST', '/produk/tambah', '{\"kodeProduk\":\"KSKG\",\"namaProduk\":\"Mata Pisau Gurinda KOSOKU\",\"jenisProduk\":\"Pisau Gurinda\",\"totalPenjualan\":0}'),
(476, '2023-04-15 13:55:45', 'admin', 'GET', '/produk/daftar', '{}'),
(477, '2023-04-15 13:55:45', 'admin', 'GET', '/produk/daftar', '{}'),
(478, '2023-04-15 13:55:58', 'admin', 'GET', '/penjualan/daftar/KSKG', '{}'),
(479, '2023-04-15 13:55:58', 'admin', 'GET', '/penjualan/daftar/KSKG', '{}'),
(480, '2023-04-15 13:56:02', 'admin', 'GET', '/penjualan/daftar/KSKG', '{}'),
(481, '2023-04-15 13:56:05', 'admin', 'GET', '/produk/daftar', '{}'),
(482, '2023-04-15 13:56:05', 'admin', 'GET', '/produk/daftar', '{}'),
(483, '2023-04-15 13:56:09', 'admin', 'GET', '/prediksi/KSKG', '{}'),
(484, '2023-04-15 13:56:09', 'admin', 'GET', '/prediksi/KSKG', '{}'),
(485, '2023-04-15 13:56:34', 'admin', 'GET', '/produk/daftar', '{}'),
(486, '2023-04-15 13:56:34', 'admin', 'GET', '/produk/daftar', '{}'),
(487, '2023-04-15 13:56:36', 'admin', 'GET', '/produk/daftar', '{}'),
(488, '2023-04-15 13:56:36', 'admin', 'GET', '/produk/daftar', '{}'),
(489, '2023-04-15 15:29:47', 'admin', 'GET', '/produk/daftar', '{}'),
(490, '2023-04-15 15:29:47', 'admin', 'GET', '/produk/daftar', '{}'),
(491, '2023-04-15 15:34:21', 'admin', 'GET', '/produk/daftar', '{}'),
(492, '2023-04-15 15:34:21', 'admin', 'GET', '/produk/daftar', '{}'),
(493, '2023-04-15 15:43:44', 'admin', 'GET', '/produk/daftar', '{}'),
(494, '2023-04-15 15:43:44', 'admin', 'GET', '/produk/daftar', '{}'),
(495, '2023-04-15 15:43:45', 'admin', 'GET', '/penjualan/daftar/FBLE10', '{}'),
(496, '2023-04-15 15:43:45', 'admin', 'GET', '/penjualan/daftar/FBLE10', '{}'),
(497, '2023-04-15 15:51:43', 'admin', 'GET', '/user/daftar', '{}'),
(498, '2023-04-15 15:51:43', 'admin', 'GET', '/user/daftar', '{}'),
(499, '2023-04-15 15:57:30', 'admin', 'GET', '/produk/daftar', '{}'),
(500, '2023-04-15 15:57:30', 'admin', 'GET', '/produk/daftar', '{}'),
(501, '2023-04-15 15:57:32', 'admin', 'GET', '/prediksi/FBLE10', '{}'),
(502, '2023-04-15 15:57:32', 'admin', 'GET', '/prediksi/FBLE10', '{}'),
(503, '2023-04-18 14:11:06', 'admin', 'GET', '/produk/daftar', '{}'),
(504, '2023-04-18 14:11:07', 'admin', 'GET', '/produk/daftar', '{}'),
(505, '2023-04-18 14:11:18', 'admin', 'GET', '/penjualan/daftar/PKTLSP', '{}'),
(506, '2023-04-18 14:11:18', 'admin', 'GET', '/penjualan/daftar/PKTLSP', '{}'),
(507, '2023-04-18 14:11:35', 'admin', 'GET', '/produk/daftar', '{}'),
(508, '2023-04-18 14:11:36', 'admin', 'GET', '/produk/daftar', '{}'),
(509, '2023-04-18 14:11:39', 'admin', 'GET', '/prediksi/PKTLSP', '{}'),
(510, '2023-04-18 14:11:39', 'admin', 'GET', '/prediksi/PKTLSP', '{}'),
(511, '2023-04-18 14:12:31', 'admin', 'GET', '/produk/daftar', '{}'),
(512, '2023-04-18 14:12:31', 'admin', 'GET', '/produk/daftar', '{}'),
(513, '2023-04-18 14:12:40', 'admin', 'GET', '/user/daftar', '{}'),
(514, '2023-04-18 14:12:40', 'admin', 'GET', '/user/daftar', '{}'),
(515, '2023-04-18 14:13:18', 'admin', 'GET', '/produk/daftar', '{}'),
(516, '2023-04-18 14:13:18', 'admin', 'GET', '/produk/daftar', '{}'),
(517, '2023-04-18 14:13:20', 'admin', 'GET', '/user/daftar', '{}'),
(518, '2023-04-18 14:13:20', 'admin', 'GET', '/user/daftar', '{}'),
(519, '2023-04-18 14:13:22', 'admin', 'GET', '/produk/daftar', '{}'),
(520, '2023-04-18 14:13:22', 'admin', 'GET', '/produk/daftar', '{}'),
(521, '2023-04-21 10:39:22', 'admin', 'GET', '/prediksi/RNT6MM', '{\"username\":\"admin\",\"password\":\"admin123\"}'),
(522, '2023-04-21 10:39:55', 'admin', 'GET', '/prediksi/RNT6MM', '{\"username\":\"admin\",\"password\":\"admin123\"}'),
(523, '2023-04-21 10:40:29', 'admin', 'GET', '/prediksi/RNT6MM', '{\"username\":\"admin\",\"password\":\"admin123\"}'),
(524, '2023-04-21 10:40:37', 'admin', 'GET', '/prediksi/RNT6MM', '{\"username\":\"admin\",\"password\":\"admin123\"}'),
(525, '2023-04-21 10:40:55', 'admin', 'GET', '/prediksi/RNT6MM', '{\"username\":\"admin\",\"password\":\"admin123\"}'),
(526, '2023-04-21 10:40:58', 'admin', 'GET', '/prediksi/RNT6MM', '{\"username\":\"admin\",\"password\":\"admin123\"}'),
(527, '2023-04-21 10:41:20', 'admin', 'GET', '/prediksi/RNT6MM', '{\"username\":\"admin\",\"password\":\"admin123\"}'),
(528, '2023-04-21 10:41:29', 'admin', 'GET', '/prediksi/RNT6MM', '{\"username\":\"admin\",\"password\":\"admin123\"}'),
(529, '2023-04-21 10:46:40', 'admin', 'GET', '/prediksi/RNT6MM', '{\"username\":\"admin\",\"password\":\"admin123\"}'),
(530, '2023-04-21 10:48:53', 'admin', 'GET', '/prediksi/RNT6MM', '{\"username\":\"admin\",\"password\":\"admin123\"}'),
(531, '2023-04-21 10:49:28', 'admin', 'GET', '/prediksi/RNT6MM', '{\"username\":\"admin\",\"password\":\"admin123\"}'),
(532, '2023-04-21 10:51:07', 'admin', 'GET', '/prediksi/RNT6MM', '{\"username\":\"admin\",\"password\":\"admin123\"}'),
(533, '2023-04-21 10:53:48', 'admin', 'GET', '/prediksi/RNT6MM', '{\"username\":\"admin\",\"password\":\"admin123\"}'),
(534, '2023-04-21 10:55:47', 'admin', 'GET', '/prediksi/RNT6MM', '{\"username\":\"admin\",\"password\":\"admin123\"}'),
(535, '2023-04-21 10:57:09', 'admin', 'GET', '/prediksi/RNT6MM', '{\"username\":\"admin\",\"password\":\"admin123\"}'),
(536, '2023-04-21 10:58:30', 'admin', 'GET', '/prediksi/RNT6MM', '{\"username\":\"admin\",\"password\":\"admin123\"}'),
(537, '2023-04-21 10:58:34', 'admin', 'GET', '/prediksi/RNT6MM', '{\"username\":\"admin\",\"password\":\"admin123\"}'),
(538, '2023-04-21 10:59:23', 'admin', 'GET', '/prediksi/RNT6MM', '{\"username\":\"admin\",\"password\":\"admin123\"}'),
(539, '2023-04-21 10:59:42', 'admin', 'GET', '/prediksi/RNT6MM', '{\"username\":\"admin\",\"password\":\"admin123\"}'),
(540, '2023-04-21 11:00:13', 'admin', 'GET', '/prediksi/RNT6MM', '{\"username\":\"admin\",\"password\":\"admin123\"}'),
(541, '2023-04-21 11:01:16', 'admin', 'GET', '/prediksi/RNT6MM', '{\"username\":\"admin\",\"password\":\"admin123\"}'),
(542, '2023-04-21 11:04:11', 'admin', 'GET', '/prediksi/RNT6MM', '{\"username\":\"admin\",\"password\":\"admin123\"}'),
(543, '2023-04-21 11:05:46', 'admin', 'GET', '/prediksi/RNT5MM', '{\"username\":\"admin\",\"password\":\"admin123\"}'),
(544, '2023-04-21 11:06:10', 'admin', 'GET', '/prediksi/RNT4MM', '{\"username\":\"admin\",\"password\":\"admin123\"}'),
(545, '2023-04-21 11:08:17', 'admin', 'GET', '/prediksi/PKTLSP', '{\"username\":\"admin\",\"password\":\"admin123\"}'),
(546, '2023-04-21 11:28:40', 'admin', 'GET', '/prediksi/RNT4MM', '{\"username\":\"admin\",\"password\":\"admin123\"}'),
(547, '2023-04-21 11:30:42', 'admin', 'GET', '/prediksi/RNT4MM', '{\"username\":\"admin\",\"password\":\"admin123\"}'),
(548, '2023-04-21 11:32:19', 'admin', 'GET', '/prediksi/RNT4MM', '{\"username\":\"admin\",\"password\":\"admin123\"}'),
(549, '2023-04-21 11:32:30', 'admin', 'GET', '/prediksi/RNT5MM', '{\"username\":\"admin\",\"password\":\"admin123\"}'),
(550, '2023-04-21 11:32:36', 'admin', 'GET', '/prediksi/RNT4MM', '{\"username\":\"admin\",\"password\":\"admin123\"}'),
(551, '2023-04-21 11:33:45', 'admin', 'GET', '/prediksi/RNT4MM', '{\"username\":\"admin\",\"password\":\"admin123\"}'),
(552, '2023-04-21 11:33:51', 'admin', 'GET', '/prediksi/RNT4MM', '{\"username\":\"admin\",\"password\":\"admin123\"}'),
(553, '2023-04-21 11:33:53', 'admin', 'GET', '/prediksi/RNT4MM', '{\"username\":\"admin\",\"password\":\"admin123\"}'),
(554, '2023-04-21 11:35:40', 'admin', 'GET', '/prediksi/RNT4MM', '{\"username\":\"admin\",\"password\":\"admin123\"}'),
(555, '2023-04-21 11:35:54', 'admin', 'GET', '/prediksi/RNT4MM', '{\"username\":\"admin\",\"password\":\"admin123\"}'),
(556, '2023-04-21 12:14:21', 'admin', 'GET', '/prediksi/RNT4MM', '{\"username\":\"admin\",\"password\":\"admin123\"}'),
(557, '2023-04-21 12:15:01', 'admin', 'GET', '/prediksi/FBLE10', '{\"username\":\"admin\",\"password\":\"admin123\"}'),
(558, '2023-04-21 12:43:07', 'admin', 'GET', '/prediksi/FBLE10', '{\"username\":\"admin\",\"password\":\"admin123\"}'),
(559, '2023-04-21 12:43:13', 'admin', 'GET', '/prediksi/RNT4MM', '{\"username\":\"admin\",\"password\":\"admin123\"}'),
(560, '2023-04-21 13:25:01', 'admin', 'GET', '/prediksi/RNT4MM', '{\"username\":\"admin\",\"password\":\"admin123\"}'),
(561, '2023-04-21 13:25:37', 'admin', 'GET', '/prediksi/RNT4MM', '{\"username\":\"admin\",\"password\":\"admin123\"}'),
(562, '2023-04-21 13:26:16', 'admin', 'GET', '/prediksi/RNT4MM', '{\"username\":\"admin\",\"password\":\"admin123\"}'),
(563, '2023-04-21 13:26:44', 'admin', 'GET', '/prediksi/RNT4MM', '{\"username\":\"admin\",\"password\":\"admin123\"}'),
(564, '2023-04-21 13:27:09', 'admin', 'GET', '/prediksi/RNT4MM', '{\"username\":\"admin\",\"password\":\"admin123\"}'),
(565, '2023-04-21 13:27:14', 'admin', 'GET', '/prediksi/RNT4MM', '{\"username\":\"admin\",\"password\":\"admin123\"}'),
(566, '2023-04-21 13:27:55', 'admin', 'GET', '/prediksi/RNT4MM', '{\"username\":\"admin\",\"password\":\"admin123\"}'),
(567, '2023-04-21 13:27:58', 'admin', 'GET', '/prediksi/RNT4MM', '{\"username\":\"admin\",\"password\":\"admin123\"}'),
(568, '2023-04-21 13:28:21', 'admin', 'GET', '/prediksi/RNT4MM', '{\"username\":\"admin\",\"password\":\"admin123\"}'),
(569, '2023-04-21 13:29:02', 'admin', 'GET', '/prediksi/RNT4MM', '{\"username\":\"admin\",\"password\":\"admin123\"}'),
(570, '2023-04-21 13:29:35', 'admin', 'GET', '/prediksi/RNT4MM', '{\"username\":\"admin\",\"password\":\"admin123\"}'),
(571, '2023-04-21 13:29:36', 'admin', 'GET', '/prediksi/RNT4MM', '{\"username\":\"admin\",\"password\":\"admin123\"}'),
(572, '2023-04-21 13:29:46', 'admin', 'GET', '/prediksi/RNT%5EMM', '{\"username\":\"admin\",\"password\":\"admin123\"}'),
(573, '2023-04-21 13:29:47', 'admin', 'GET', '/prediksi/RNT6MM', '{\"username\":\"admin\",\"password\":\"admin123\"}'),
(574, '2023-04-21 13:31:36', 'admin', 'GET', '/prediksi/RNT6MM', '{\"username\":\"admin\",\"password\":\"admin123\"}'),
(575, '2023-04-21 13:32:39', 'admin', 'GET', '/prediksi/RNT6MM', '{\"username\":\"admin\",\"password\":\"admin123\"}'),
(576, '2023-04-21 13:32:44', 'admin', 'GET', '/prediksi/RNT6MM', '{\"username\":\"admin\",\"password\":\"admin123\"}'),
(577, '2023-04-21 13:33:16', 'admin', 'GET', '/prediksi/RNT6MM', '{\"username\":\"admin\",\"password\":\"admin123\"}'),
(578, '2023-04-21 13:33:57', 'admin', 'GET', '/prediksi/RNT6MM', '{\"username\":\"admin\",\"password\":\"admin123\"}'),
(579, '2023-04-21 13:36:31', 'admin', 'GET', '/prediksi/RNT6MM', '{\"username\":\"admin\",\"password\":\"admin123\"}'),
(580, '2023-04-21 13:36:33', 'admin', 'GET', '/prediksi/RNT6MM', '{\"username\":\"admin\",\"password\":\"admin123\"}'),
(581, '2023-04-21 13:36:40', 'admin', 'GET', '/prediksi/RNT6MM', '{\"username\":\"admin\",\"password\":\"admin123\"}'),
(582, '2023-04-21 13:43:58', 'admin', 'GET', '/prediksi/RNT6MM', '{\"username\":\"admin\",\"password\":\"admin123\"}'),
(583, '2023-04-21 13:44:24', 'admin', 'GET', '/prediksi/RNT6MM', '{\"username\":\"admin\",\"password\":\"admin123\"}'),
(584, '2023-04-21 13:45:13', 'admin', 'GET', '/prediksi/RNT6MM', '{\"username\":\"admin\",\"password\":\"admin123\"}'),
(585, '2023-04-21 13:47:18', 'admin', 'GET', '/prediksi/RNT6MM', '{\"username\":\"admin\",\"password\":\"admin123\"}'),
(586, '2023-04-21 13:47:42', 'admin', 'GET', '/prediksi/RNT6MM', '{\"username\":\"admin\",\"password\":\"admin123\"}'),
(587, '2023-04-21 13:47:53', 'admin', 'GET', '/prediksi/RNT6MM', '{\"username\":\"admin\",\"password\":\"admin123\"}'),
(588, '2023-04-21 13:48:11', 'admin', 'GET', '/prediksi/RNT6MM', '{\"username\":\"admin\",\"password\":\"admin123\"}'),
(589, '2023-04-21 13:49:19', 'admin', 'GET', '/prediksi/RNT6MM', '{\"username\":\"admin\",\"password\":\"admin123\"}'),
(590, '2023-04-21 13:55:35', 'admin', 'GET', '/prediksi/RNT6MM', '{\"username\":\"admin\",\"password\":\"admin123\"}'),
(591, '2023-04-21 14:07:30', 'admin', 'GET', '/prediksi/RNT6MM', '{\"username\":\"admin\",\"password\":\"admin123\"}'),
(592, '2023-04-21 14:17:05', 'admin', 'GET', '/produk/daftar', '{}'),
(593, '2023-04-21 14:17:05', 'admin', 'GET', '/produk/daftar', '{}'),
(594, '2023-04-21 14:17:07', 'admin', 'GET', '/prediksi/FBLE10', '{}'),
(595, '2023-04-21 14:17:07', 'admin', 'GET', '/prediksi/FBLE10', '{}'),
(596, '2023-04-21 14:17:22', 'admin', 'GET', '/produk/daftar', '{}'),
(597, '2023-04-21 14:17:22', 'admin', 'GET', '/produk/daftar', '{}'),
(598, '2023-04-21 14:17:28', 'admin', 'GET', '/prediksi/RNT6MM', '{}'),
(599, '2023-04-21 14:17:28', 'admin', 'GET', '/prediksi/RNT6MM', '{}'),
(600, '2023-04-21 14:18:26', 'admin', 'GET', '/produk/daftar', '{}'),
(601, '2023-04-21 14:18:26', 'admin', 'GET', '/produk/daftar', '{}'),
(602, '2023-04-21 14:18:28', 'admin', 'GET', '/prediksi/FBLE10', '{}'),
(603, '2023-04-21 14:18:28', 'admin', 'GET', '/prediksi/FBLE10', '{}'),
(604, '2023-04-21 14:18:30', 'admin', 'GET', '/produk/daftar', '{}'),
(605, '2023-04-21 14:18:30', 'admin', 'GET', '/produk/daftar', '{}'),
(606, '2023-04-21 14:18:31', 'admin', 'GET', '/prediksi/KSKG', '{}'),
(607, '2023-04-21 14:18:32', 'admin', 'GET', '/prediksi/KSKG', '{}'),
(608, '2023-04-21 14:18:38', 'admin', 'GET', '/produk/daftar', '{}'),
(609, '2023-04-21 14:18:38', 'admin', 'GET', '/produk/daftar', '{}'),
(610, '2023-04-21 14:21:27', 'admin', 'GET', '/produk/daftar', '{}'),
(611, '2023-04-21 14:21:27', 'admin', 'GET', '/produk/daftar', '{}'),
(612, '2023-04-21 14:21:52', 'admin', 'GET', '/produk/daftar', '{}'),
(613, '2023-04-21 14:21:52', 'admin', 'GET', '/produk/daftar', '{}'),
(614, '2023-04-21 14:22:11', 'admin', 'GET', '/prediksi/RNT6MM', '{}'),
(615, '2023-04-21 14:22:11', 'admin', 'GET', '/prediksi/RNT6MM', '{}'),
(616, '2023-04-21 14:22:42', 'admin', 'GET', '/prediksi/RNT6MM', '{}'),
(617, '2023-04-21 14:22:56', 'admin', 'GET', '/prediksi/RNT6MM', '{}'),
(618, '2023-04-21 14:25:19', 'admin', 'GET', '/prediksi/RNT6MM', '{}'),
(619, '2023-04-21 14:25:48', 'admin', 'GET', '/prediksi/RNT6MM', '{}'),
(620, '2023-04-21 14:26:23', 'admin', 'GET', '/prediksi/RNT6MM', '{}'),
(621, '2023-04-21 14:26:41', 'admin', 'GET', '/prediksi/RNT6MM', '{}'),
(622, '2023-04-21 14:26:49', 'admin', 'GET', '/prediksi/RNT6MM', '{}'),
(623, '2023-04-21 14:26:57', 'admin', 'GET', '/prediksi/RNT6MM', '{}'),
(624, '2023-04-21 14:27:14', 'admin', 'GET', '/prediksi/RNT6MM', '{}'),
(625, '2023-04-21 14:27:23', 'admin', 'GET', '/prediksi/RNT6MM', '{}'),
(626, '2023-04-21 14:27:30', 'admin', 'GET', '/prediksi/RNT6MM', '{}'),
(627, '2023-04-21 14:27:33', 'admin', 'GET', '/prediksi/RNT6MM', '{}'),
(628, '2023-04-21 14:27:36', 'admin', 'GET', '/prediksi/RNT6MM', '{}'),
(629, '2023-04-21 14:27:36', 'admin', 'GET', '/prediksi/RNT6MM', '{}'),
(630, '2023-04-21 14:27:52', 'admin', 'GET', '/prediksi/RNT6MM', '{}'),
(631, '2023-04-21 14:27:57', 'admin', 'GET', '/prediksi/RNT6MM', '{}'),
(632, '2023-04-21 14:28:08', 'admin', 'GET', '/prediksi/RNT6MM', '{}'),
(633, '2023-04-21 14:29:03', 'admin', 'GET', '/prediksi/RNT6MM', '{}'),
(634, '2023-04-21 14:29:13', 'admin', 'GET', '/prediksi/RNT6MM', '{}'),
(635, '2023-04-21 14:29:33', 'admin', 'GET', '/prediksi/RNT6MM', '{}'),
(636, '2023-04-21 14:29:42', 'admin', 'GET', '/prediksi/RNT6MM', '{}'),
(637, '2023-04-21 14:29:56', 'admin', 'GET', '/prediksi/RNT6MM', '{}'),
(638, '2023-04-21 14:30:11', 'admin', 'GET', '/prediksi/RNT6MM', '{}'),
(639, '2023-04-21 14:30:18', 'admin', 'GET', '/prediksi/RNT6MM', '{}'),
(640, '2023-04-21 14:31:04', 'admin', 'GET', '/prediksi/RNT6MM', '{}'),
(641, '2023-04-21 14:32:14', 'admin', 'GET', '/prediksi/RNT6MM', '{}'),
(642, '2023-04-21 14:32:20', 'admin', 'GET', '/prediksi/RNT6MM', '{}'),
(643, '2023-04-21 14:32:30', 'admin', 'GET', '/prediksi/RNT6MM', '{}'),
(644, '2023-04-21 14:32:45', 'admin', 'GET', '/prediksi/RNT6MM', '{}'),
(645, '2023-04-21 14:32:47', 'admin', 'GET', '/prediksi/RNT6MM', '{}'),
(646, '2023-04-21 14:32:47', 'admin', 'GET', '/prediksi/RNT6MM', '{}'),
(647, '2023-04-21 14:33:20', 'admin', 'GET', '/prediksi/RNT6MM', '{}'),
(648, '2023-04-21 14:33:27', 'admin', 'GET', '/prediksi/RNT6MM', '{}'),
(649, '2023-04-21 14:34:09', 'admin', 'GET', '/prediksi/RNT6MM', '{}'),
(650, '2023-04-21 14:34:13', 'admin', 'GET', '/prediksi/RNT6MM', '{}'),
(651, '2023-04-21 14:34:20', 'admin', 'GET', '/prediksi/RNT6MM', '{}'),
(652, '2023-04-21 14:34:30', 'admin', 'GET', '/prediksi/RNT6MM', '{}'),
(653, '2023-04-21 14:35:13', 'admin', 'GET', '/prediksi/RNT6MM', '{}'),
(654, '2023-04-21 14:35:37', 'admin', 'GET', '/prediksi/RNT6MM', '{}'),
(655, '2023-04-21 14:36:20', 'admin', 'GET', '/prediksi/RNT6MM', '{}'),
(656, '2023-04-21 14:36:28', 'admin', 'GET', '/prediksi/RNT6MM', '{}'),
(657, '2023-04-21 14:36:38', 'admin', 'GET', '/prediksi/RNT6MM', '{}'),
(658, '2023-04-21 14:36:50', 'admin', 'GET', '/produk/daftar', '{}'),
(659, '2023-04-21 14:36:50', 'admin', 'GET', '/produk/daftar', '{}'),
(660, '2023-04-21 14:36:52', 'admin', 'GET', '/prediksi/FBLE10', '{}'),
(661, '2023-04-21 14:36:52', 'admin', 'GET', '/prediksi/FBLE10', '{}'),
(662, '2023-04-21 14:36:57', 'admin', 'GET', '/produk/daftar', '{}'),
(663, '2023-04-21 14:36:57', 'admin', 'GET', '/produk/daftar', '{}'),
(664, '2023-04-21 14:37:00', 'admin', 'GET', '/prediksi/PKTLSP', '{}'),
(665, '2023-04-21 14:37:00', 'admin', 'GET', '/prediksi/PKTLSP', '{}'),
(666, '2023-04-21 14:37:36', 'admin', 'GET', '/prediksi/PKTLSP', '{}'),
(667, '2023-04-21 14:37:40', 'admin', 'GET', '/prediksi/PKTLSP', '{}'),
(668, '2023-04-21 14:39:07', 'admin', 'GET', '/user/daftar', '{}'),
(669, '2023-04-21 14:39:07', 'admin', 'GET', '/user/daftar', '{}'),
(670, '2023-04-21 14:39:09', 'admin', 'GET', '/produk/daftar', '{}'),
(671, '2023-04-21 14:39:09', 'admin', 'GET', '/produk/daftar', '{}'),
(672, '2023-04-21 14:39:20', 'admin', 'GET', '/prediksi/RNT4MM', '{}'),
(673, '2023-04-21 14:39:21', 'admin', 'GET', '/prediksi/RNT4MM', '{}'),
(674, '2023-04-21 14:40:09', 'admin', 'GET', '/prediksi/RNT4MM', '{}'),
(675, '2023-04-21 14:40:16', 'admin', 'GET', '/prediksi/RNT4MM', '{}'),
(676, '2023-04-21 14:41:15', 'admin', 'GET', '/prediksi/RNT4MM', '{}'),
(677, '2023-04-21 14:41:29', 'admin', 'GET', '/prediksi/RNT4MM', '{}'),
(678, '2023-04-21 14:43:10', 'admin', 'GET', '/prediksi/RNT4MM', '{}'),
(679, '2023-04-21 14:43:12', 'admin', 'GET', '/prediksi/RNT4MM', '{}'),
(680, '2023-04-21 14:43:21', 'admin', 'GET', '/prediksi/RNT4MM', '{}'),
(681, '2023-04-21 14:43:26', 'admin', 'GET', '/prediksi/RNT4MM', '{}'),
(682, '2023-04-21 14:43:30', 'admin', 'GET', '/prediksi/RNT4MM', '{}'),
(683, '2023-04-21 14:44:00', 'admin', 'GET', '/produk/daftar', '{}'),
(684, '2023-04-21 14:44:00', 'admin', 'GET', '/produk/daftar', '{}'),
(685, '2023-04-21 14:44:02', 'admin', 'GET', '/prediksi/KSKG', '{}'),
(686, '2023-04-21 14:44:02', 'admin', 'GET', '/prediksi/KSKG', '{}'),
(687, '2023-04-21 14:44:05', 'admin', 'GET', '/produk/daftar', '{}'),
(688, '2023-04-21 14:44:05', 'admin', 'GET', '/produk/daftar', '{}'),
(689, '2023-04-21 14:44:07', 'admin', 'GET', '/prediksi/PKTLSP', '{}'),
(690, '2023-04-21 14:44:07', 'admin', 'GET', '/prediksi/PKTLSP', '{}'),
(691, '2023-04-21 14:44:09', 'admin', 'GET', '/produk/daftar', '{}'),
(692, '2023-04-21 14:44:09', 'admin', 'GET', '/produk/daftar', '{}'),
(693, '2023-04-21 14:44:11', 'admin', 'GET', '/prediksi/RNT4MM', '{}'),
(694, '2023-04-21 14:44:11', 'admin', 'GET', '/prediksi/RNT4MM', '{}'),
(695, '2023-04-21 14:44:13', 'admin', 'GET', '/produk/daftar', '{}'),
(696, '2023-04-21 14:44:13', 'admin', 'GET', '/produk/daftar', '{}'),
(697, '2023-04-21 14:44:15', 'admin', 'GET', '/prediksi/RNT5MM', '{}'),
(698, '2023-04-21 14:44:15', 'admin', 'GET', '/prediksi/RNT5MM', '{}'),
(699, '2023-04-21 14:44:24', 'admin', 'GET', '/produk/daftar', '{}'),
(700, '2023-04-21 14:44:24', 'admin', 'GET', '/produk/daftar', '{}'),
(701, '2023-04-21 14:56:01', 'admin', 'GET', '/produk/daftar', '{}'),
(702, '2023-04-21 14:56:01', 'admin', 'GET', '/produk/daftar', '{}'),
(703, '2023-04-21 14:56:35', 'admin', 'GET', '/produk/daftar', '{}'),
(704, '2023-04-21 14:56:35', 'admin', 'GET', '/produk/daftar', '{}'),
(705, '2023-04-21 14:56:38', 'admin', 'GET', '/produk/data/FBLE10', '{}'),
(706, '2023-04-21 14:56:38', 'admin', 'GET', '/produk/data/FBLE10', '{}'),
(707, '2023-04-21 14:56:45', 'admin', 'GET', '/produk/daftar', '{}'),
(708, '2023-04-21 14:56:45', 'admin', 'GET', '/produk/daftar', '{}'),
(709, '2023-04-21 14:56:48', 'admin', 'GET', '/prediksi/FBLE10', '{}'),
(710, '2023-04-21 14:56:48', 'admin', 'GET', '/prediksi/FBLE10', '{}'),
(711, '2023-04-21 14:57:00', 'admin', 'GET', '/produk/daftar', '{}'),
(712, '2023-04-21 14:57:00', 'admin', 'GET', '/produk/daftar', '{}'),
(713, '2023-04-21 14:57:24', 'admin', 'GET', '/produk/daftar', '{}'),
(714, '2023-04-21 14:57:24', 'admin', 'GET', '/produk/daftar', '{}'),
(715, '2023-04-21 14:57:31', 'admin', 'GET', '/user/daftar', '{}'),
(716, '2023-04-21 14:57:31', 'admin', 'GET', '/user/daftar', '{}'),
(717, '2023-04-21 14:57:37', 'admin', 'GET', '/produk/daftar', '{}'),
(718, '2023-04-21 14:57:37', 'admin', 'GET', '/produk/daftar', '{}'),
(719, '2023-04-21 14:57:47', 'admin', 'GET', '/produk/daftar', '{}'),
(720, '2023-04-21 14:57:47', 'admin', 'GET', '/produk/daftar', '{}'),
(721, '2023-04-21 14:57:50', 'admin', 'GET', '/produk/data/RNT6MM', '{}'),
(722, '2023-04-21 14:57:50', 'admin', 'GET', '/produk/data/RNT6MM', '{}'),
(723, '2023-04-21 14:57:56', 'admin', 'GET', '/produk/daftar', '{}'),
(724, '2023-04-21 14:57:56', 'admin', 'GET', '/produk/daftar', '{}'),
(725, '2023-04-21 14:57:59', 'admin', 'GET', '/prediksi/RNT6MM', '{}'),
(726, '2023-04-21 14:57:59', 'admin', 'GET', '/prediksi/RNT6MM', '{}'),
(727, '2023-04-21 14:58:18', 'admin', 'GET', '/produk/daftar', '{}'),
(728, '2023-04-21 14:58:18', 'admin', 'GET', '/produk/daftar', '{}'),
(729, '2023-04-21 14:58:21', 'admin', 'GET', '/penjualan/daftar/RNT6MM', '{}'),
(730, '2023-04-21 14:58:21', 'admin', 'GET', '/penjualan/daftar/RNT6MM', '{}'),
(731, '2023-04-21 14:58:35', 'admin', 'GET', '/penjualan/daftar/RNT6MM', '{}'),
(732, '2023-04-21 14:58:35', 'admin', 'GET', '/penjualan/daftar/RNT6MM', '{}'),
(733, '2023-04-21 14:58:40', 'admin', 'GET', '/penjualan/data/RNT6MM20243', '{}'),
(734, '2023-04-21 14:58:40', 'admin', 'GET', '/penjualan/data/RNT6MM20243', '{}'),
(735, '2023-04-21 14:58:47', 'admin', 'GET', '/penjualan/daftar/RNT6MM', '{}'),
(736, '2023-04-21 14:58:47', 'admin', 'GET', '/penjualan/daftar/RNT6MM', '{}'),
(737, '2023-04-21 14:58:49', 'admin', 'GET', '/produk/daftar', '{}'),
(738, '2023-04-21 14:58:49', 'admin', 'GET', '/produk/daftar', '{}'),
(739, '2023-04-21 14:58:53', 'admin', 'GET', '/user/daftar', '{}'),
(740, '2023-04-21 14:58:53', 'admin', 'GET', '/user/daftar', '{}'),
(741, '2023-04-21 14:59:03', 'admin', 'GET', '/user/daftar', '{}'),
(742, '2023-04-21 14:59:03', 'admin', 'GET', '/user/daftar', '{}'),
(743, '2023-04-21 14:59:05', 'admin', 'GET', '/user/data/admin', '{}'),
(744, '2023-04-21 14:59:05', 'admin', 'GET', '/user/data/admin', '{}'),
(745, '2023-04-21 14:59:12', 'admin', 'GET', '/user/daftar', '{}'),
(746, '2023-04-21 14:59:12', 'admin', 'GET', '/user/daftar', '{}'),
(747, '2023-04-21 14:59:27', 'admin', 'GET', '/produk/daftar', '{}'),
(748, '2023-04-21 14:59:27', 'admin', 'GET', '/produk/daftar', '{}'),
(749, '2023-04-21 14:59:29', 'admin', 'GET', '/user/daftar', '{}'),
(750, '2023-04-21 14:59:29', 'admin', 'GET', '/user/daftar', '{}'),
(751, '2023-04-25 10:25:19', 'admin', 'GET', '/produk/daftar', '{}'),
(752, '2023-04-25 10:25:19', 'admin', 'GET', '/produk/daftar', '{}'),
(753, '2023-04-25 10:25:22', 'admin', 'GET', '/prediksi/RNT6MM', '{}'),
(754, '2023-04-25 10:25:22', 'admin', 'GET', '/prediksi/RNT6MM', '{}'),
(755, '2023-04-27 10:27:10', 'admin', 'GET', '/produk/daftar', '{}'),
(756, '2023-04-27 10:27:11', 'admin', 'GET', '/produk/daftar', '{}'),
(757, '2023-04-27 10:27:17', 'admin', 'GET', '/prediksi/FBLE10', '{}'),
(758, '2023-04-27 10:27:17', 'admin', 'GET', '/prediksi/FBLE10', '{}'),
(759, '2023-04-27 10:27:21', 'admin', 'GET', '/produk/daftar', '{}'),
(760, '2023-04-27 10:27:21', 'admin', 'GET', '/produk/daftar', '{}'),
(761, '2023-04-27 10:27:23', 'admin', 'GET', '/prediksi/KSKG', '{}'),
(762, '2023-04-27 10:27:23', 'admin', 'GET', '/prediksi/KSKG', '{}'),
(763, '2023-04-27 10:27:27', 'admin', 'GET', '/produk/daftar', '{}'),
(764, '2023-04-27 10:27:27', 'admin', 'GET', '/produk/daftar', '{}'),
(765, '2023-04-27 10:27:31', 'admin', 'GET', '/prediksi/RNT6MM', '{}'),
(766, '2023-04-27 10:27:31', 'admin', 'GET', '/prediksi/RNT6MM', '{}'),
(767, '2023-04-27 10:27:37', 'admin', 'GET', '/prediksi/RNT5MM', '{}'),
(768, '2023-04-27 10:27:37', 'admin', 'GET', '/prediksi/RNT5MM', '{}'),
(769, '2023-04-27 10:27:42', 'admin', 'GET', '/prediksi/RNT4MM', '{}'),
(770, '2023-04-27 10:27:42', 'admin', 'GET', '/prediksi/RNT4MM', '{}'),
(771, '2023-04-27 10:27:45', 'admin', 'GET', '/prediksi/PKTLSP', '{}'),
(772, '2023-04-27 10:27:45', 'admin', 'GET', '/prediksi/PKTLSP', '{}'),
(773, '2023-04-27 10:27:50', 'admin', 'GET', '/prediksi/KSKG', '{}'),
(774, '2023-04-27 10:27:50', 'admin', 'GET', '/prediksi/KSKG', '{}'),
(775, '2023-04-27 10:27:53', 'admin', 'GET', '/prediksi/FBLE10', '{}'),
(776, '2023-04-27 10:27:53', 'admin', 'GET', '/prediksi/FBLE10', '{}'),
(777, '2023-04-27 10:40:40', 'admin', 'GET', '/produk/daftar', '{}'),
(778, '2023-04-27 10:40:40', 'admin', 'GET', '/produk/daftar', '{}'),
(779, '2023-04-27 10:40:43', 'admin', 'GET', '/penjualan/daftar/FBLE10', '{}'),
(780, '2023-04-27 10:40:43', 'admin', 'GET', '/penjualan/daftar/FBLE10', '{}'),
(781, '2023-04-27 10:40:59', 'admin', 'GET', '/produk/daftar', '{}'),
(782, '2023-04-27 10:41:00', 'admin', 'GET', '/produk/daftar', '{}'),
(783, '2023-04-27 10:41:07', 'admin', 'POST', '/produk/tambah', '{\"kodeProduk\":\"contoh\",\"namaProduk\":\"contoh\",\"jenisProduk\":\"cth\",\"totalPenjualan\":0}'),
(784, '2023-04-27 10:41:09', 'admin', 'GET', '/produk/daftar', '{}'),
(785, '2023-04-27 10:41:09', 'admin', 'GET', '/produk/daftar', '{}'),
(786, '2023-04-27 10:41:15', 'admin', 'GET', '/penjualan/daftar/contoh', '{}'),
(787, '2023-04-27 10:41:15', 'admin', 'GET', '/penjualan/daftar/contoh', '{}'),
(788, '2023-04-27 10:44:54', 'admin', 'GET', '/penjualan/daftar/contoh', '{}'),
(789, '2023-04-27 10:45:32', 'admin', 'GET', '/produk/daftar', '{}'),
(790, '2023-04-27 10:45:32', 'admin', 'GET', '/produk/daftar', '{}'),
(791, '2023-04-27 10:45:36', 'admin', 'GET', '/user/daftar', '{}'),
(792, '2023-04-27 10:45:36', 'admin', 'GET', '/user/daftar', '{}'),
(793, '2023-04-27 10:45:39', 'admin', 'GET', '/produk/daftar', '{}'),
(794, '2023-04-27 10:45:39', 'admin', 'GET', '/produk/daftar', '{}'),
(795, '2023-04-27 10:46:40', 'admin', 'GET', '/prediksi/contoh', '{}'),
(796, '2023-04-27 10:46:40', 'admin', 'GET', '/prediksi/contoh', '{}'),
(797, '2023-04-27 10:48:12', 'admin', 'GET', '/produk/daftar', '{}'),
(798, '2023-04-27 10:48:12', 'admin', 'GET', '/produk/daftar', '{}'),
(799, '2023-04-27 10:48:16', 'admin', 'GET', '/prediksi/RNT6MM', '{}'),
(800, '2023-04-27 10:48:16', 'admin', 'GET', '/prediksi/RNT6MM', '{}'),
(801, '2023-04-27 10:58:53', 'admin', 'GET', '/produk/daftar', '{}'),
(802, '2023-04-27 10:58:53', 'admin', 'GET', '/produk/daftar', '{}'),
(803, '2023-04-27 10:58:58', 'admin', 'GET', '/prediksi/FBLE10', '{}'),
(804, '2023-04-27 10:58:58', 'admin', 'GET', '/prediksi/FBLE10', '{}'),
(805, '2023-04-27 10:59:23', 'admin', 'GET', '/produk/daftar', '{}'),
(806, '2023-04-27 10:59:23', 'admin', 'GET', '/produk/daftar', '{}'),
(807, '2023-04-27 10:59:27', 'admin', 'GET', '/prediksi/RNT6MM', '{}'),
(808, '2023-04-27 10:59:27', 'admin', 'GET', '/prediksi/RNT6MM', '{}'),
(809, '2023-04-27 11:00:05', 'admin', 'GET', '/produk/daftar', '{}'),
(810, '2023-04-27 11:00:06', 'admin', 'GET', '/produk/daftar', '{}'),
(811, '2023-04-27 11:00:09', 'admin', 'GET', '/prediksi/FBLE10', '{}'),
(812, '2023-04-27 11:00:09', 'admin', 'GET', '/prediksi/FBLE10', '{}'),
(813, '2023-04-29 13:26:47', 'admin', 'GET', '/user/daftar', '{}'),
(814, '2023-04-29 13:26:47', 'admin', 'GET', '/user/daftar', '{}'),
(815, '2023-04-29 13:55:01', 'admin', 'GET', '/produk/daftar', '{}'),
(816, '2023-04-29 13:55:02', 'admin', 'GET', '/produk/daftar', '{}'),
(817, '2023-04-29 13:55:03', 'admin', 'POST', '/produk/hapus', '{\"kodeProduk\":\"contoh\"}'),
(818, '2023-04-29 13:55:03', 'admin', 'GET', '/produk/daftar', '{}'),
(819, '2023-04-29 13:55:07', 'admin', 'GET', '/penjualan/daftar/contoh', '{}'),
(820, '2023-04-29 13:55:07', 'admin', 'GET', '/penjualan/daftar/contoh', '{}'),
(821, '2023-04-29 13:55:08', 'admin', 'POST', '/penjualan/hapus', '{\"kodePenjualan\":\"contoh20231\"}'),
(822, '2023-04-29 13:55:08', 'admin', 'GET', '/penjualan/daftar/contoh', '{}'),
(823, '2023-04-29 13:55:10', 'admin', 'POST', '/penjualan/hapus', '{\"kodePenjualan\":\"contoh20232\"}'),
(824, '2023-04-29 13:55:10', 'admin', 'GET', '/penjualan/daftar/contoh', '{}'),
(825, '2023-04-29 13:55:10', 'admin', 'POST', '/penjualan/hapus', '{\"kodePenjualan\":\"contoh20233\"}'),
(826, '2023-04-29 13:55:10', 'admin', 'GET', '/penjualan/daftar/contoh', '{}'),
(827, '2023-04-29 13:55:11', 'admin', 'POST', '/penjualan/hapus', '{\"kodePenjualan\":\"contoh20234\"}'),
(828, '2023-04-29 13:55:11', 'admin', 'GET', '/penjualan/daftar/contoh', '{}'),
(829, '2023-04-29 13:55:11', 'admin', 'POST', '/penjualan/hapus', '{\"kodePenjualan\":\"contoh20235\"}'),
(830, '2023-04-29 13:55:11', 'admin', 'GET', '/penjualan/daftar/contoh', '{}'),
(831, '2023-04-29 13:55:11', 'admin', 'POST', '/penjualan/hapus', '{\"kodePenjualan\":\"contoh20236\"}'),
(832, '2023-04-29 13:55:11', 'admin', 'GET', '/penjualan/daftar/contoh', '{}'),
(833, '2023-04-29 13:55:12', 'admin', 'POST', '/penjualan/hapus', '{\"kodePenjualan\":\"contoh20237\"}'),
(834, '2023-04-29 13:55:12', 'admin', 'GET', '/penjualan/daftar/contoh', '{}'),
(835, '2023-04-29 13:55:12', 'admin', 'POST', '/penjualan/hapus', '{\"kodePenjualan\":\"contoh20238\"}'),
(836, '2023-04-29 13:55:12', 'admin', 'GET', '/penjualan/daftar/contoh', '{}'),
(837, '2023-04-29 13:55:13', 'admin', 'POST', '/penjualan/hapus', '{\"kodePenjualan\":\"contoh20239\"}'),
(838, '2023-04-29 13:55:13', 'admin', 'GET', '/penjualan/daftar/contoh', '{}'),
(839, '2023-04-29 13:55:13', 'admin', 'POST', '/penjualan/hapus', '{\"kodePenjualan\":\"contoh202310\"}'),
(840, '2023-04-29 13:55:13', 'admin', 'GET', '/penjualan/daftar/contoh', '{}'),
(841, '2023-04-29 13:55:13', 'admin', 'POST', '/penjualan/hapus', '{\"kodePenjualan\":\"contoh202311\"}'),
(842, '2023-04-29 13:55:13', 'admin', 'GET', '/penjualan/daftar/contoh', '{}'),
(843, '2023-04-29 13:55:14', 'admin', 'POST', '/penjualan/hapus', '{\"kodePenjualan\":\"contoh202312\"}'),
(844, '2023-04-29 13:55:14', 'admin', 'GET', '/penjualan/daftar/contoh', '{}'),
(845, '2023-04-29 13:55:14', 'admin', 'POST', '/penjualan/hapus', '{\"kodePenjualan\":\"contoh20241\"}'),
(846, '2023-04-29 13:55:14', 'admin', 'GET', '/penjualan/daftar/contoh', '{}'),
(847, '2023-04-29 13:55:14', 'admin', 'POST', '/penjualan/hapus', '{\"kodePenjualan\":\"contoh20242\"}'),
(848, '2023-04-29 13:55:14', 'admin', 'GET', '/penjualan/daftar/contoh', '{}'),
(849, '2023-04-29 13:55:15', 'admin', 'POST', '/penjualan/hapus', '{\"kodePenjualan\":\"contoh20243\"}'),
(850, '2023-04-29 13:55:15', 'admin', 'GET', '/penjualan/daftar/contoh', '{}'),
(851, '2023-04-29 14:04:20', 'admin', 'GET', '/produk/daftar', '{}'),
(852, '2023-04-29 14:04:20', 'admin', 'GET', '/produk/daftar', '{}'),
(853, '2023-04-29 14:04:26', 'admin', 'GET', '/penjualan/daftar/contoh', '{}'),
(854, '2023-04-29 14:04:26', 'admin', 'GET', '/penjualan/daftar/contoh', '{}'),
(855, '2023-04-29 14:04:30', 'admin', 'POST', '/penjualan/hapus', '{\"kodePenjualan\":\"contoh20231\"}'),
(856, '2023-04-29 14:04:30', 'admin', 'GET', '/penjualan/daftar/contoh', '{}'),
(857, '2023-04-29 14:04:31', 'admin', 'POST', '/penjualan/hapus', '{\"kodePenjualan\":\"contoh20232\"}'),
(858, '2023-04-29 14:04:32', 'admin', 'GET', '/penjualan/daftar/contoh', '{}'),
(859, '2023-04-29 14:04:32', 'admin', 'POST', '/penjualan/hapus', '{\"kodePenjualan\":\"contoh20233\"}'),
(860, '2023-04-29 14:04:32', 'admin', 'GET', '/penjualan/daftar/contoh', '{}'),
(861, '2023-04-29 14:04:32', 'admin', 'POST', '/penjualan/hapus', '{\"kodePenjualan\":\"contoh20234\"}'),
(862, '2023-04-29 14:04:33', 'admin', 'GET', '/penjualan/daftar/contoh', '{}'),
(863, '2023-04-29 14:04:33', 'admin', 'POST', '/penjualan/hapus', '{\"kodePenjualan\":\"contoh20235\"}'),
(864, '2023-04-29 14:04:33', 'admin', 'GET', '/penjualan/daftar/contoh', '{}'),
(865, '2023-04-29 14:04:33', 'admin', 'POST', '/penjualan/hapus', '{\"kodePenjualan\":\"contoh20236\"}'),
(866, '2023-04-29 14:04:34', 'admin', 'GET', '/penjualan/daftar/contoh', '{}'),
(867, '2023-04-29 14:04:34', 'admin', 'POST', '/penjualan/hapus', '{\"kodePenjualan\":\"contoh20237\"}'),
(868, '2023-04-29 14:04:34', 'admin', 'GET', '/penjualan/daftar/contoh', '{}'),
(869, '2023-04-29 14:04:58', 'admin', 'GET', '/penjualan/daftar/contoh', '{}'),
(870, '2023-04-29 14:04:58', 'admin', 'GET', '/penjualan/daftar/contoh', '{}'),
(871, '2023-04-29 14:05:03', 'admin', 'GET', '/penjualan/daftar/contoh', '{}'),
(872, '2023-04-29 14:05:19', 'admin', 'POST', '/penjualan/hapus', '{\"kodePenjualan\":\"contoh20231\"}'),
(873, '2023-04-29 14:05:19', 'admin', 'GET', '/penjualan/daftar/contoh', '{}'),
(874, '2023-04-29 14:05:21', 'admin', 'POST', '/penjualan/hapus', '{\"kodePenjualan\":\"contoh20232\"}'),
(875, '2023-04-29 14:05:21', 'admin', 'GET', '/penjualan/daftar/contoh', '{}'),
(876, '2023-04-29 14:05:21', 'admin', 'POST', '/penjualan/hapus', '{\"kodePenjualan\":\"contoh20233\"}'),
(877, '2023-04-29 14:05:21', 'admin', 'GET', '/penjualan/daftar/contoh', '{}'),
(878, '2023-04-29 14:05:22', 'admin', 'POST', '/penjualan/hapus', '{\"kodePenjualan\":\"contoh20234\"}'),
(879, '2023-04-29 14:05:22', 'admin', 'GET', '/penjualan/daftar/contoh', '{}'),
(880, '2023-04-29 14:05:22', 'admin', 'POST', '/penjualan/hapus', '{\"kodePenjualan\":\"contoh20235\"}'),
(881, '2023-04-29 14:05:23', 'admin', 'GET', '/penjualan/daftar/contoh', '{}'),
(882, '2023-04-29 14:05:23', 'admin', 'POST', '/penjualan/hapus', '{\"kodePenjualan\":\"contoh20236\"}'),
(883, '2023-04-29 14:05:23', 'admin', 'GET', '/penjualan/daftar/contoh', '{}'),
(884, '2023-04-29 14:05:23', 'admin', 'POST', '/penjualan/hapus', '{\"kodePenjualan\":\"contoh20237\"}'),
(885, '2023-04-29 14:05:23', 'admin', 'GET', '/penjualan/daftar/contoh', '{}'),
(886, '2023-04-29 14:05:24', 'admin', 'POST', '/penjualan/hapus', '{\"kodePenjualan\":\"contoh20238\"}'),
(887, '2023-04-29 14:05:24', 'admin', 'GET', '/penjualan/daftar/contoh', '{}'),
(888, '2023-04-29 14:05:24', 'admin', 'POST', '/penjualan/hapus', '{\"kodePenjualan\":\"contoh20239\"}'),
(889, '2023-04-29 14:05:24', 'admin', 'GET', '/penjualan/daftar/contoh', '{}'),
(890, '2023-04-29 14:05:25', 'admin', 'POST', '/penjualan/hapus', '{\"kodePenjualan\":\"contoh202310\"}'),
(891, '2023-04-29 14:05:25', 'admin', 'GET', '/penjualan/daftar/contoh', '{}'),
(892, '2023-04-29 14:05:26', 'admin', 'POST', '/penjualan/hapus', '{\"kodePenjualan\":\"contoh202311\"}'),
(893, '2023-04-29 14:05:26', 'admin', 'GET', '/penjualan/daftar/contoh', '{}'),
(894, '2023-04-29 14:05:26', 'admin', 'POST', '/penjualan/hapus', '{\"kodePenjualan\":\"contoh202312\"}'),
(895, '2023-04-29 14:05:26', 'admin', 'GET', '/penjualan/daftar/contoh', '{}'),
(896, '2023-04-29 14:05:45', 'admin', 'GET', '/penjualan/daftar/contoh', '{}'),
(897, '2023-04-29 14:06:01', 'admin', 'POST', '/penjualan/hapus', '{\"kodePenjualan\":\"contoh20231\"}'),
(898, '2023-04-29 14:06:01', 'admin', 'GET', '/penjualan/daftar/contoh', '{}'),
(899, '2023-04-29 14:06:02', 'admin', 'POST', '/penjualan/hapus', '{\"kodePenjualan\":\"contoh20232\"}'),
(900, '2023-04-29 14:06:02', 'admin', 'GET', '/penjualan/daftar/contoh', '{}'),
(901, '2023-04-29 14:06:02', 'admin', 'POST', '/penjualan/hapus', '{\"kodePenjualan\":\"contoh20233\"}'),
(902, '2023-04-29 14:06:02', 'admin', 'GET', '/penjualan/daftar/contoh', '{}'),
(903, '2023-04-29 14:06:03', 'admin', 'POST', '/penjualan/hapus', '{\"kodePenjualan\":\"contoh20234\"}'),
(904, '2023-04-29 14:06:03', 'admin', 'GET', '/penjualan/daftar/contoh', '{}'),
(905, '2023-04-29 14:06:03', 'admin', 'POST', '/penjualan/hapus', '{\"kodePenjualan\":\"contoh20235\"}'),
(906, '2023-04-29 14:06:03', 'admin', 'GET', '/penjualan/daftar/contoh', '{}'),
(907, '2023-04-29 14:06:03', 'admin', 'POST', '/penjualan/hapus', '{\"kodePenjualan\":\"contoh20236\"}'),
(908, '2023-04-29 14:06:04', 'admin', 'GET', '/penjualan/daftar/contoh', '{}'),
(909, '2023-04-29 14:06:04', 'admin', 'POST', '/penjualan/hapus', '{\"kodePenjualan\":\"contoh20237\"}'),
(910, '2023-04-29 14:06:04', 'admin', 'GET', '/penjualan/daftar/contoh', '{}'),
(911, '2023-04-29 14:06:04', 'admin', 'POST', '/penjualan/hapus', '{\"kodePenjualan\":\"contoh20238\"}'),
(912, '2023-04-29 14:06:05', 'admin', 'GET', '/penjualan/daftar/contoh', '{}'),
(913, '2023-04-29 14:06:05', 'admin', 'POST', '/penjualan/hapus', '{\"kodePenjualan\":\"contoh20239\"}'),
(914, '2023-04-29 14:06:05', 'admin', 'GET', '/penjualan/daftar/contoh', '{}'),
(915, '2023-04-29 14:06:05', 'admin', 'POST', '/penjualan/hapus', '{\"kodePenjualan\":\"contoh202310\"}'),
(916, '2023-04-29 14:06:05', 'admin', 'GET', '/penjualan/daftar/contoh', '{}'),
(917, '2023-04-29 14:06:06', 'admin', 'POST', '/penjualan/hapus', '{\"kodePenjualan\":\"contoh202311\"}'),
(918, '2023-04-29 14:06:06', 'admin', 'GET', '/penjualan/daftar/contoh', '{}'),
(919, '2023-04-29 14:06:06', 'admin', 'POST', '/penjualan/hapus', '{\"kodePenjualan\":\"contoh202312\"}'),
(920, '2023-04-29 14:06:06', 'admin', 'GET', '/penjualan/daftar/contoh', '{}'),
(921, '2023-04-29 14:08:48', 'admin', 'GET', '/penjualan/daftar/contoh', '{}'),
(922, '2023-04-29 14:08:48', 'admin', 'GET', '/penjualan/daftar/contoh', '{}'),
(923, '2023-04-29 14:09:10', 'admin', 'GET', '/penjualan/daftar/contoh', '{}'),
(924, '2023-04-29 14:09:19', 'admin', 'GET', '/penjualan/daftar/contoh', '{}'),
(925, '2023-04-29 14:09:50', 'admin', 'GET', '/penjualan/daftar/contoh', '{}'),
(926, '2023-04-29 14:10:26', 'admin', 'GET', '/penjualan/daftar/contoh', '{}'),
(927, '2023-04-29 14:10:28', 'admin', 'GET', '/penjualan/daftar/contoh', '{}'),
(928, '2023-04-29 14:10:28', 'admin', 'GET', '/penjualan/daftar/contoh', '{}'),
(929, '2023-04-29 14:10:51', 'admin', 'GET', '/penjualan/daftar/contoh', '{}'),
(930, '2023-04-29 14:10:59', 'admin', 'GET', '/penjualan/daftar/contoh', '{}'),
(931, '2023-04-29 14:11:22', 'admin', 'POST', '/penjualan/tambah', '{\"kodePenjualan\":\"contoh20231\",\"kodeProduk\":\"contoh\",\"tahun\":2023,\"bulan\":1,\"penjualan\":0}'),
(932, '2023-04-29 14:11:23', 'admin', 'GET', '/penjualan/daftar/contoh', '{}'),
(933, '2023-04-29 14:11:23', 'admin', 'GET', '/penjualan/daftar/contoh', '{}'),
(934, '2023-04-29 14:11:26', 'admin', 'POST', '/penjualan/hapus', '{\"kodePenjualan\":\"contoh20231\"}'),
(935, '2023-04-29 14:11:26', 'admin', 'GET', '/penjualan/daftar/contoh', '{}'),
(936, '2023-04-29 14:12:46', 'admin', 'GET', '/penjualan/daftar/contoh', '{}'),
(937, '2023-04-29 14:12:53', 'admin', 'GET', '/penjualan/daftar/contoh', '{}'),
(938, '2023-04-29 14:12:53', 'admin', 'GET', '/penjualan/daftar/contoh', '{}'),
(939, '2023-04-29 14:16:09', 'admin', 'GET', '/penjualan/daftar/contoh', '{}'),
(940, '2023-04-29 14:16:39', 'admin', 'GET', '/penjualan/daftar/contoh', '{}'),
(941, '2023-04-29 14:18:02', 'admin', 'GET', '/penjualan/daftar/contoh', '{}'),
(942, '2023-04-29 14:18:30', 'admin', 'GET', '/penjualan/daftar/contoh', '{}'),
(943, '2023-04-29 14:18:30', 'admin', 'GET', '/penjualan/daftar/contoh', '{}'),
(944, '2023-04-29 14:18:38', 'admin', 'GET', '/user/daftar', '{}'),
(945, '2023-04-29 14:18:38', 'admin', 'GET', '/user/daftar', '{}'),
(946, '2023-04-29 14:18:41', 'admin', 'GET', '/produk/daftar', '{}'),
(947, '2023-04-29 14:18:41', 'admin', 'GET', '/produk/daftar', '{}'),
(948, '2023-04-29 14:21:10', 'admin', 'GET', '/penjualan/daftar/contoh', '{}'),
(949, '2023-04-29 14:21:10', 'admin', 'GET', '/penjualan/daftar/contoh', '{}'),
(950, '2023-04-29 14:21:13', 'admin', 'GET', '/produk/daftar', '{}'),
(951, '2023-04-29 14:21:13', 'admin', 'GET', '/produk/daftar', '{}'),
(952, '2023-04-29 14:21:16', 'admin', 'POST', '/produk/hapus', '{\"kodeProduk\":\"contoh\"}'),
(953, '2023-04-29 14:21:16', 'admin', 'GET', '/produk/daftar', '{}'),
(954, '2023-04-29 14:21:33', 'admin', 'POST', '/produk/tambah', '{\"kodeProduk\":\"cth\",\"namaProduk\":\"cth\",\"jenisProduk\":\"cth\",\"totalPenjualan\":0}'),
(955, '2023-04-29 14:21:33', 'admin', 'GET', '/produk/daftar', '{}'),
(956, '2023-04-29 14:21:33', 'admin', 'GET', '/produk/daftar', '{}'),
(957, '2023-04-29 14:21:37', 'admin', 'GET', '/penjualan/daftar/cth', '{}');
INSERT INTO `logactivity` (`nomor`, `waktu`, `username`, `method`, `url`, `data`) VALUES
(958, '2023-04-29 14:21:37', 'admin', 'GET', '/penjualan/daftar/cth', '{}'),
(959, '2023-04-29 14:39:21', 'admin', 'GET', '/penjualan/daftar/cth', '{}'),
(960, '2023-04-29 14:39:35', 'admin', 'POST', '/penjualan/hapus', '{\"kodePenjualan\":\"cth20231\"}'),
(961, '2023-04-29 14:39:36', 'admin', 'GET', '/penjualan/daftar/cth', '{}'),
(962, '2023-04-29 14:39:36', 'admin', 'POST', '/penjualan/hapus', '{\"kodePenjualan\":\"cth20231\"}'),
(963, '2023-04-29 14:39:36', 'admin', 'GET', '/penjualan/daftar/cth', '{}'),
(964, '2023-04-29 14:39:38', 'admin', 'POST', '/penjualan/hapus', '{\"kodePenjualan\":\"cth20232\"}'),
(965, '2023-04-29 14:39:38', 'admin', 'GET', '/penjualan/daftar/cth', '{}'),
(966, '2023-04-29 14:39:39', 'admin', 'POST', '/penjualan/hapus', '{\"kodePenjualan\":\"cth20233\"}'),
(967, '2023-04-29 14:39:39', 'admin', 'GET', '/penjualan/daftar/cth', '{}'),
(968, '2023-04-29 14:39:40', 'admin', 'POST', '/penjualan/hapus', '{\"kodePenjualan\":\"cth20234\"}'),
(969, '2023-04-29 14:39:40', 'admin', 'GET', '/penjualan/daftar/cth', '{}'),
(970, '2023-04-29 14:39:41', 'admin', 'POST', '/penjualan/hapus', '{\"kodePenjualan\":\"cth20235\"}'),
(971, '2023-04-29 14:39:41', 'admin', 'GET', '/penjualan/daftar/cth', '{}'),
(972, '2023-04-29 14:39:42', 'admin', 'POST', '/penjualan/hapus', '{\"kodePenjualan\":\"cth20236\"}'),
(973, '2023-04-29 14:39:42', 'admin', 'GET', '/penjualan/daftar/cth', '{}'),
(974, '2023-04-29 14:39:42', 'admin', 'POST', '/penjualan/hapus', '{\"kodePenjualan\":\"cth20237\"}'),
(975, '2023-04-29 14:39:42', 'admin', 'GET', '/penjualan/daftar/cth', '{}'),
(976, '2023-04-29 14:39:43', 'admin', 'POST', '/penjualan/hapus', '{\"kodePenjualan\":\"cth20238\"}'),
(977, '2023-04-29 14:39:43', 'admin', 'GET', '/penjualan/daftar/cth', '{}'),
(978, '2023-04-29 14:39:43', 'admin', 'POST', '/penjualan/hapus', '{\"kodePenjualan\":\"cth20239\"}'),
(979, '2023-04-29 14:39:43', 'admin', 'GET', '/penjualan/daftar/cth', '{}'),
(980, '2023-04-29 14:39:44', 'admin', 'POST', '/penjualan/hapus', '{\"kodePenjualan\":\"cth202310\"}'),
(981, '2023-04-29 14:39:44', 'admin', 'GET', '/penjualan/daftar/cth', '{}'),
(982, '2023-04-29 14:39:44', 'admin', 'POST', '/penjualan/hapus', '{\"kodePenjualan\":\"cth202311\"}'),
(983, '2023-04-29 14:39:44', 'admin', 'GET', '/penjualan/daftar/cth', '{}'),
(984, '2023-04-29 14:39:45', 'admin', 'POST', '/penjualan/hapus', '{\"kodePenjualan\":\"cth202312\"}'),
(985, '2023-04-29 14:39:46', 'admin', 'GET', '/penjualan/daftar/cth', '{}'),
(986, '2023-04-29 14:40:07', 'admin', 'GET', '/penjualan/daftar/cth', '{}'),
(987, '2023-04-29 14:40:09', 'admin', 'POST', '/penjualan/hapus', '{\"kodePenjualan\":\"cth20231\"}'),
(988, '2023-04-29 14:40:09', 'admin', 'GET', '/penjualan/daftar/cth', '{}'),
(989, '2023-04-29 14:40:09', 'admin', 'POST', '/penjualan/hapus', '{\"kodePenjualan\":\"cth20232\"}'),
(990, '2023-04-29 14:40:09', 'admin', 'GET', '/penjualan/daftar/cth', '{}'),
(991, '2023-04-29 14:40:10', 'admin', 'POST', '/penjualan/hapus', '{\"kodePenjualan\":\"cth20233\"}'),
(992, '2023-04-29 14:40:10', 'admin', 'GET', '/penjualan/daftar/cth', '{}'),
(993, '2023-04-29 14:40:10', 'admin', 'POST', '/penjualan/hapus', '{\"kodePenjualan\":\"cth20234\"}'),
(994, '2023-04-29 14:40:10', 'admin', 'GET', '/penjualan/daftar/cth', '{}'),
(995, '2023-04-29 14:40:10', 'admin', 'POST', '/penjualan/hapus', '{\"kodePenjualan\":\"cth20235\"}'),
(996, '2023-04-29 14:40:11', 'admin', 'GET', '/penjualan/daftar/cth', '{}'),
(997, '2023-04-29 14:40:11', 'admin', 'POST', '/penjualan/hapus', '{\"kodePenjualan\":\"cth20236\"}'),
(998, '2023-04-29 14:40:11', 'admin', 'GET', '/penjualan/daftar/cth', '{}'),
(999, '2023-04-29 14:40:11', 'admin', 'POST', '/penjualan/hapus', '{\"kodePenjualan\":\"cth20237\"}'),
(1000, '2023-04-29 14:40:11', 'admin', 'GET', '/penjualan/daftar/cth', '{}'),
(1001, '2023-04-29 14:40:12', 'admin', 'POST', '/penjualan/hapus', '{\"kodePenjualan\":\"cth20238\"}'),
(1002, '2023-04-29 14:40:12', 'admin', 'GET', '/penjualan/daftar/cth', '{}'),
(1003, '2023-04-29 14:40:12', 'admin', 'POST', '/penjualan/hapus', '{\"kodePenjualan\":\"cth20239\"}'),
(1004, '2023-04-29 14:40:12', 'admin', 'GET', '/penjualan/daftar/cth', '{}'),
(1005, '2023-04-29 14:40:13', 'admin', 'POST', '/penjualan/hapus', '{\"kodePenjualan\":\"cth202310\"}'),
(1006, '2023-04-29 14:40:13', 'admin', 'GET', '/penjualan/daftar/cth', '{}'),
(1007, '2023-04-29 14:40:13', 'admin', 'POST', '/penjualan/hapus', '{\"kodePenjualan\":\"cth202311\"}'),
(1008, '2023-04-29 14:40:14', 'admin', 'GET', '/penjualan/daftar/cth', '{}'),
(1009, '2023-04-29 14:40:14', 'admin', 'POST', '/penjualan/hapus', '{\"kodePenjualan\":\"cth202312\"}'),
(1010, '2023-04-29 14:40:14', 'admin', 'GET', '/penjualan/daftar/cth', '{}'),
(1011, '2023-04-29 15:04:50', 'admin', 'GET', '/penjualan/daftar/cth', '{}'),
(1012, '2023-04-29 15:04:50', 'admin', 'GET', '/penjualan/daftar/cth', '{}'),
(1013, '2023-04-29 15:04:52', 'admin', 'GET', '/produk/daftar', '{}'),
(1014, '2023-04-29 15:04:52', 'admin', 'GET', '/produk/daftar', '{}'),
(1015, '2023-04-29 15:04:55', 'admin', 'POST', '/produk/hapus', '{\"kodeProduk\":\"cth\"}'),
(1016, '2023-04-29 15:04:55', 'admin', 'GET', '/produk/daftar', '{}'),
(1017, '2023-04-29 15:06:41', 'admin', 'GET', '/penjualan/daftar/FBLE10', '{}'),
(1018, '2023-04-29 15:06:41', 'admin', 'GET', '/penjualan/daftar/FBLE10', '{}'),
(1019, '2023-04-29 15:06:52', 'admin', 'POST', '/produk/tambah', '{\"kodeProduk\":\"cth\",\"namaProduk\":\"cth\",\"jenisProduk\":\"cth\",\"totalPenjualan\":0}'),
(1020, '2023-04-29 15:06:52', 'admin', 'GET', '/produk/daftar', '{}'),
(1021, '2023-04-29 15:06:53', 'admin', 'GET', '/produk/daftar', '{}'),
(1022, '2023-04-29 15:06:58', 'admin', 'GET', '/penjualan/daftar/cth', '{}'),
(1023, '2023-04-29 15:06:58', 'admin', 'GET', '/penjualan/daftar/cth', '{}'),
(1024, '2023-04-29 15:07:02', 'admin', 'POST', '/penjualan/tambah', '{\"kodePenjualan\":\"cth20231\",\"kodeProduk\":\"cth\",\"tahun\":2023,\"bulan\":1,\"penjualan\":0}'),
(1025, '2023-04-29 15:07:02', 'admin', 'GET', '/penjualan/daftar/cth', '{}'),
(1026, '2023-04-29 15:07:02', 'admin', 'GET', '/penjualan/daftar/cth', '{}'),
(1027, '2023-04-29 15:07:10', 'admin', 'POST', '/penjualan/tambah', '{\"kodePenjualan\":\"cth20232\",\"kodeProduk\":\"cth\",\"tahun\":2023,\"bulan\":\"2\",\"penjualan\":0}'),
(1028, '2023-04-29 15:07:11', 'admin', 'GET', '/penjualan/daftar/cth', '{}'),
(1029, '2023-04-29 15:07:11', 'admin', 'GET', '/penjualan/daftar/cth', '{}'),
(1030, '2023-04-29 15:07:18', 'admin', 'POST', '/penjualan/hapus', '{\"kodePenjualan\":\"cth20232\"}'),
(1031, '2023-04-29 15:07:18', 'admin', 'GET', '/penjualan/daftar/cth', '{}'),
(1032, '2023-04-29 15:14:21', 'admin', 'GET', '/produk/daftar', '{}'),
(1033, '2023-04-29 15:14:22', 'admin', 'GET', '/produk/daftar', '{}'),
(1034, '2023-04-29 15:31:42', 'admin', 'GET', '/penjualan/daftar/cth', '{}'),
(1035, '2023-04-29 15:31:42', 'admin', 'GET', '/penjualan/daftar/cth', '{}'),
(1036, '2023-04-29 15:31:48', 'admin', 'POST', '/penjualan/hapus', '{\"kodePenjualan\":\"cth20231\"}'),
(1037, '2023-04-29 15:31:48', 'admin', 'GET', '/penjualan/daftar/cth', '{}'),
(1038, '2023-04-29 15:31:55', 'admin', 'POST', '/penjualan/tambah', '{\"kodePenjualan\":\"cth20231\",\"kodeProduk\":\"cth\",\"tahun\":2023,\"bulan\":1,\"penjualan\":0}'),
(1039, '2023-04-29 15:31:57', 'admin', 'GET', '/penjualan/daftar/cth', '{}'),
(1040, '2023-04-29 15:31:57', 'admin', 'GET', '/penjualan/daftar/cth', '{}'),
(1041, '2023-04-29 15:31:59', 'admin', 'POST', '/penjualan/hapus', '{\"kodePenjualan\":\"cth20231\"}'),
(1042, '2023-04-29 15:31:59', 'admin', 'GET', '/penjualan/daftar/cth', '{}'),
(1043, '2023-04-29 15:45:20', 'admin', 'GET', '/produk/daftar', '{}'),
(1044, '2023-04-29 15:45:20', 'admin', 'GET', '/produk/daftar', '{}'),
(1045, '2023-04-29 15:47:37', 'admin', 'GET', '/user/daftar', '{}'),
(1046, '2023-04-29 15:47:37', 'admin', 'GET', '/user/daftar', '{}'),
(1047, '2023-04-29 15:47:42', 'admin', 'GET', '/user/daftar', '{}'),
(1048, '2023-04-29 15:47:42', 'admin', 'GET', '/user/daftar', '{}'),
(1049, '2023-04-29 15:48:02', 'admin', 'POST', '/user/tambah', '{\"username\":\"ferrygun88\",\"nama\":\"Ferry Gunawan\",\"noTelepon\":\"081297507252\",\"alamat\":\"Taman Royal 1\",\"status\":\"admin\",\"password\":\"f3rry123\"}'),
(1050, '2023-04-29 15:48:03', 'admin', 'GET', '/user/daftar', '{}'),
(1051, '2023-04-29 15:48:04', 'admin', 'GET', '/user/daftar', '{}'),
(1052, '2023-04-29 15:51:06', 'admin', 'GET', '/user/data/ferrygun88', '{}'),
(1053, '2023-04-29 15:51:06', 'admin', 'GET', '/user/data/ferrygun88', '{}'),
(1054, '2023-04-29 15:51:08', 'admin', 'POST', '/user/edit', '{\"username\":\"ferrygun88\",\"nama\":\"Ferry Gunawan\",\"noTelepon\":\"081297507252\",\"alamat\":\"Taman Royal 1\",\"status\":\"admin\",\"password\":\"f3rry123\"}'),
(1055, '2023-04-29 15:51:09', 'admin', 'GET', '/user/daftar', '{}'),
(1056, '2023-04-29 15:51:10', 'admin', 'GET', '/user/daftar', '{}'),
(1057, '2023-04-29 15:51:13', 'admin', 'GET', '/produk/daftar', '{}'),
(1058, '2023-04-29 15:51:13', 'admin', 'GET', '/produk/daftar', '{}'),
(1059, '2023-04-29 15:51:15', 'admin', 'POST', '/produk/hapus', '{\"kodeProduk\":\"cth\"}'),
(1060, '2023-04-29 15:51:16', 'admin', 'GET', '/produk/daftar', '{}'),
(1061, '2023-04-29 15:53:47', 'admin', 'GET', '/produk/daftar', '{}'),
(1062, '2023-04-29 15:53:47', 'admin', 'GET', '/produk/daftar', '{}'),
(1063, '2023-04-29 15:54:02', 'admin', 'GET', '/user/daftar', '{}'),
(1064, '2023-04-29 15:54:02', 'admin', 'GET', '/user/daftar', '{}'),
(1065, '2023-04-29 15:54:28', 'admin', 'POST', '/user/tambah', '{\"username\":\"bvina88\",\"nama\":\"Bong Vina\",\"noTelepon\":\"081287530114\",\"alamat\":\"Taman Royal 1\",\"status\":\"guest\",\"password\":\"bvina123\"}'),
(1066, '2023-04-29 15:54:28', 'admin', 'GET', '/user/daftar', '{}'),
(1067, '2023-04-29 15:54:28', 'admin', 'GET', '/user/daftar', '{}'),
(1068, '2023-04-29 15:56:51', 'guest', 'GET', '/produk/daftar', '{}'),
(1069, '2023-04-29 15:56:51', 'guest', 'GET', '/produk/daftar', '{}'),
(1070, '2023-04-29 15:56:53', 'guest', 'GET', '/prediksi/FBLE10', '{}'),
(1071, '2023-04-29 15:56:53', 'guest', 'GET', '/prediksi/FBLE10', '{}'),
(1072, '2023-04-29 15:56:59', 'guest', 'GET', '/produk/daftar', '{}'),
(1073, '2023-04-29 15:56:59', 'guest', 'GET', '/produk/daftar', '{}'),
(1074, '2023-04-29 15:57:01', 'guest', 'GET', '/penjualan/daftar/FBLE10', '{}'),
(1075, '2023-04-29 15:57:01', 'guest', 'GET', '/penjualan/daftar/FBLE10', '{}'),
(1076, '2023-04-29 15:58:14', 'admin', 'GET', '/produk/daftar', '{}'),
(1077, '2023-04-29 15:58:14', 'admin', 'GET', '/produk/daftar', '{}'),
(1078, '2023-04-29 16:14:04', 'admin', 'GET', '/produk/daftar', '{}'),
(1079, '2023-04-29 16:14:04', 'admin', 'GET', '/produk/daftar', '{}'),
(1080, '2023-04-29 16:14:11', 'admin', 'POST', '/produk/tambah', '{\"kodeProduk\":\"FBLE10\",\"namaProduk\":\"TES\",\"jenisProduk\":\"TES\",\"totalPenjualan\":0}'),
(1081, '2023-04-29 16:14:12', 'admin', 'GET', '/produk/daftar', '{}'),
(1082, '2023-04-29 16:14:12', 'admin', 'GET', '/produk/daftar', '{}'),
(1083, '2023-04-29 16:14:18', 'admin', 'POST', '/produk/tambah', '{\"kodeProduk\":\"tes\",\"namaProduk\":\"tes\",\"jenisProduk\":\"tes\",\"totalPenjualan\":0}'),
(1084, '2023-04-29 16:14:18', 'admin', 'GET', '/produk/daftar', '{}'),
(1085, '2023-04-29 16:14:18', 'admin', 'GET', '/produk/daftar', '{}'),
(1086, '2023-04-29 16:14:21', 'admin', 'POST', '/produk/hapus', '{\"kodeProduk\":\"tes\"}'),
(1087, '2023-04-29 16:14:21', 'admin', 'GET', '/produk/daftar', '{}'),
(1088, '2023-04-29 16:14:28', 'admin', 'POST', '/produk/hapus', '{\"kodeProduk\":\"FBLE10\"}'),
(1089, '2023-04-29 16:14:28', 'admin', 'GET', '/produk/daftar', '{}'),
(1090, '2023-04-29 16:14:32', 'admin', 'GET', '/produk/data/FBLE10', '{}'),
(1091, '2023-04-29 16:14:32', 'admin', 'GET', '/produk/data/FBLE10', '{}'),
(1092, '2023-04-29 16:14:33', 'admin', 'POST', '/produk/edit', '{\"kodeProduk\":\"FBLE10\",\"namaProduk\":\"Fitting Bohlam Lampu E10\",\"jenisProduk\":\"Lampu\",\"totalPenjualan\":2815}'),
(1093, '2023-04-29 16:14:34', 'admin', 'GET', '/produk/daftar', '{}'),
(1094, '2023-04-29 16:14:34', 'admin', 'GET', '/produk/daftar', '{}'),
(1095, '2023-04-29 16:14:38', 'admin', 'GET', '/user/daftar', '{}'),
(1096, '2023-04-29 16:14:38', 'admin', 'GET', '/user/daftar', '{}'),
(1097, '2023-04-29 16:14:41', 'admin', 'POST', '/user/hapus', '{\"username\":\"bvina88\"}'),
(1098, '2023-04-29 16:14:41', 'admin', 'GET', '/user/daftar', '{}'),
(1099, '2023-04-29 16:14:45', 'admin', 'POST', '/user/hapus', '{\"username\":\"ferrygun88\"}'),
(1100, '2023-04-29 16:14:46', 'admin', 'GET', '/user/daftar', '{}'),
(1101, '2023-04-29 16:14:48', 'admin', 'GET', '/produk/daftar', '{}'),
(1102, '2023-04-29 16:14:48', 'admin', 'GET', '/produk/daftar', '{}'),
(1103, '2023-04-29 16:14:50', 'admin', 'GET', '/produk/daftar', '{}'),
(1104, '2023-04-29 16:14:50', 'admin', 'GET', '/produk/daftar', '{}'),
(1105, '2023-04-29 16:14:52', 'admin', 'POST', '/produk/hapus', '{\"kodeProduk\":\"FBLE10\"}'),
(1106, '2023-04-29 16:14:52', 'admin', 'GET', '/produk/daftar', '{}'),
(1107, '2023-04-29 16:14:54', 'admin', 'POST', '/produk/hapus', '{\"kodeProduk\":\"KSKG\"}'),
(1108, '2023-04-29 16:14:54', 'admin', 'GET', '/produk/daftar', '{}'),
(1109, '2023-04-29 16:15:05', 'admin', 'POST', '/produk/tambah', '{\"kodeProduk\":\"tes\",\"namaProduk\":\"tes\",\"jenisProduk\":\"tes\",\"totalPenjualan\":0}'),
(1110, '2023-04-29 16:15:06', 'admin', 'GET', '/produk/daftar', '{}'),
(1111, '2023-04-29 16:15:06', 'admin', 'GET', '/produk/daftar', '{}'),
(1112, '2023-04-29 16:15:08', 'admin', 'POST', '/produk/hapus', '{\"kodeProduk\":\"tes\"}'),
(1113, '2023-04-29 16:15:08', 'admin', 'GET', '/produk/daftar', '{}'),
(1114, '2023-04-29 16:15:10', 'admin', 'GET', '/user/daftar', '{}'),
(1115, '2023-04-29 16:15:10', 'admin', 'GET', '/user/daftar', '{}'),
(1116, '2023-04-29 16:15:12', 'admin', 'GET', '/produk/daftar', '{}'),
(1117, '2023-04-29 16:15:12', 'admin', 'GET', '/produk/daftar', '{}'),
(1118, '2023-04-29 16:15:13', 'admin', 'GET', '/penjualan/daftar/FBLE10', '{}'),
(1119, '2023-04-29 16:15:13', 'admin', 'GET', '/penjualan/daftar/FBLE10', '{}'),
(1120, '2023-04-29 16:15:23', 'admin', 'POST', '/penjualan/tambah', '{\"kodePenjualan\":\"FBLE1020244\",\"kodeProduk\":\"FBLE10\",\"tahun\":\"2024\",\"bulan\":\"4\",\"penjualan\":\"1222\"}'),
(1121, '2023-04-29 16:15:24', 'admin', 'GET', '/penjualan/daftar/FBLE10', '{}'),
(1122, '2023-04-29 16:15:24', 'admin', 'GET', '/penjualan/daftar/FBLE10', '{}'),
(1123, '2023-04-29 16:15:29', 'admin', 'POST', '/penjualan/hapus', '{\"kodePenjualan\":\"FBLE1020244\"}'),
(1124, '2023-04-29 16:15:29', 'admin', 'GET', '/penjualan/daftar/FBLE10', '{}'),
(1125, '2023-04-29 16:15:32', 'admin', 'GET', '/produk/daftar', '{}'),
(1126, '2023-04-29 16:15:32', 'admin', 'GET', '/produk/daftar', '{}'),
(1127, '2023-04-29 16:17:01', 'guest', 'GET', '/produk/daftar', '{}'),
(1128, '2023-04-29 16:17:01', 'guest', 'GET', '/produk/daftar', '{}'),
(1129, '2023-04-29 16:17:02', 'guest', 'GET', '/prediksi/FBLE10', '{}'),
(1130, '2023-04-29 16:17:02', 'guest', 'GET', '/prediksi/FBLE10', '{}'),
(1131, '2023-04-29 16:17:06', 'guest', 'GET', '/produk/daftar', '{}'),
(1132, '2023-04-29 16:17:06', 'guest', 'GET', '/produk/daftar', '{}'),
(1133, '2023-04-29 16:17:08', 'guest', 'GET', '/penjualan/daftar/FBLE10', '{}'),
(1134, '2023-04-29 16:17:08', 'guest', 'GET', '/penjualan/daftar/FBLE10', '{}'),
(1135, '2023-04-29 16:18:34', 'guest', 'GET', '/produk/daftar', '{}'),
(1136, '2023-04-29 16:18:34', 'guest', 'GET', '/produk/daftar', '{}'),
(1137, '2023-04-29 16:18:36', 'guest', 'GET', '/penjualan/daftar/FBLE10', '{}'),
(1138, '2023-04-29 16:18:36', 'guest', 'GET', '/penjualan/daftar/FBLE10', '{}'),
(1139, '2023-04-29 16:18:51', 'admin', 'GET', '/produk/daftar', '{}'),
(1140, '2023-04-29 16:18:51', 'admin', 'GET', '/produk/daftar', '{}'),
(1141, '2023-04-29 16:18:56', 'admin', 'GET', '/penjualan/daftar/FBLE10', '{}'),
(1142, '2023-04-29 16:18:56', 'admin', 'GET', '/penjualan/daftar/FBLE10', '{}'),
(1143, '2023-04-30 17:24:36', 'admin', 'GET', '/produk/daftar', '{}'),
(1144, '2023-04-30 17:24:36', 'admin', 'GET', '/produk/daftar', '{}'),
(1145, '2023-04-30 17:24:38', 'admin', 'GET', '/prediksi/FBLE10', '{}'),
(1146, '2023-04-30 17:24:38', 'admin', 'GET', '/prediksi/FBLE10', '{}'),
(1147, '2023-04-30 17:26:43', 'admin', 'GET', '/produk/daftar', '{}'),
(1148, '2023-04-30 17:26:44', 'admin', 'GET', '/produk/daftar', '{}'),
(1149, '2023-04-30 17:26:47', 'admin', 'GET', '/prediksi/KSKG', '{}'),
(1150, '2023-04-30 17:26:48', 'admin', 'GET', '/prediksi/KSKG', '{}'),
(1151, '2023-04-30 17:27:45', 'admin', 'GET', '/prediksi/RNT5MM', '{}'),
(1152, '2023-04-30 17:27:45', 'admin', 'GET', '/prediksi/RNT5MM', '{}'),
(1153, '2023-04-30 17:29:48', 'admin', 'GET', '/produk/daftar', '{}'),
(1154, '2023-04-30 17:29:48', 'admin', 'GET', '/produk/daftar', '{}'),
(1155, '2023-04-30 17:29:50', 'admin', 'GET', '/prediksi/RNT6MM', '{}'),
(1156, '2023-04-30 17:29:51', 'admin', 'GET', '/prediksi/RNT6MM', '{}'),
(1157, '2023-04-30 17:31:23', 'admin', 'GET', '/produk/daftar', '{}'),
(1158, '2023-04-30 17:31:23', 'admin', 'GET', '/produk/daftar', '{}'),
(1159, '2023-04-30 17:31:26', 'admin', 'GET', '/prediksi/RNT5MM', '{}'),
(1160, '2023-04-30 17:31:26', 'admin', 'GET', '/prediksi/RNT5MM', '{}'),
(1161, '2023-04-30 17:34:02', 'admin', 'GET', '/produk/daftar', '{}'),
(1162, '2023-04-30 17:34:02', 'admin', 'GET', '/produk/daftar', '{}'),
(1163, '2023-04-30 17:34:05', 'admin', 'GET', '/prediksi/RNT6MM', '{}'),
(1164, '2023-04-30 17:34:05', 'admin', 'GET', '/prediksi/RNT6MM', '{}'),
(1165, '2023-04-30 17:36:26', 'admin', 'GET', '/produk/daftar', '{}'),
(1166, '2023-04-30 17:36:26', 'admin', 'GET', '/produk/daftar', '{}'),
(1167, '2023-04-30 17:36:29', 'admin', 'GET', '/prediksi/RNT4MM', '{}'),
(1168, '2023-04-30 17:36:29', 'admin', 'GET', '/prediksi/RNT4MM', '{}'),
(1169, '2023-04-30 17:40:06', 'admin', 'GET', '/prediksi/RNT4MM', '{}'),
(1170, '2023-04-30 17:40:06', 'admin', 'GET', '/prediksi/RNT4MM', '{}'),
(1171, '2023-04-30 17:40:29', 'admin', 'GET', '/prediksi/RNT4MM', '{}'),
(1172, '2023-04-30 17:40:29', 'admin', 'GET', '/prediksi/RNT4MM', '{}'),
(1173, '2023-04-30 17:47:07', 'admin', 'GET', '/prediksi/RNT4MM', '{}'),
(1174, '2023-04-30 17:47:07', 'admin', 'GET', '/prediksi/RNT4MM', '{}'),
(1175, '2023-04-30 17:47:21', 'admin', 'GET', '/produk/daftar', '{}'),
(1176, '2023-04-30 17:47:21', 'admin', 'GET', '/produk/daftar', '{}'),
(1177, '2023-04-30 17:47:29', 'admin', 'GET', '/prediksi/RNT4MM', '{}'),
(1178, '2023-04-30 17:47:29', 'admin', 'GET', '/prediksi/RNT4MM', '{}'),
(1179, '2023-04-30 17:47:47', 'admin', 'GET', '/produk/daftar', '{}'),
(1180, '2023-04-30 17:47:47', 'admin', 'GET', '/produk/daftar', '{}'),
(1181, '2023-04-30 17:47:50', 'admin', 'GET', '/prediksi/RNT4MM', '{}'),
(1182, '2023-04-30 17:47:50', 'admin', 'GET', '/prediksi/RNT4MM', '{}'),
(1183, '2023-04-30 17:53:15', 'admin', 'GET', '/produk/daftar', '{}'),
(1184, '2023-04-30 17:53:15', 'admin', 'GET', '/produk/daftar', '{}'),
(1185, '2023-04-30 17:53:17', 'admin', 'GET', '/prediksi/RNT5MM', '{}'),
(1186, '2023-04-30 17:53:17', 'admin', 'GET', '/prediksi/RNT5MM', '{}'),
(1187, '2023-05-01 11:57:54', 'admin', 'GET', '/produk/daftar', '{}'),
(1188, '2023-05-01 11:57:54', 'admin', 'GET', '/produk/daftar', '{}'),
(1189, '2023-05-01 11:58:40', 'admin', 'GET', '/prediksi/RNT6MM', '{}'),
(1190, '2023-05-01 11:58:40', 'admin', 'GET', '/prediksi/RNT6MM', '{}'),
(1191, '2023-05-01 11:59:29', 'admin', 'GET', '/produk/daftar', '{}'),
(1192, '2023-05-01 11:59:29', 'admin', 'GET', '/produk/daftar', '{}'),
(1193, '2023-05-01 11:59:33', 'admin', 'GET', '/prediksi/RNT5MM', '{}'),
(1194, '2023-05-01 11:59:33', 'admin', 'GET', '/prediksi/RNT5MM', '{}'),
(1195, '2023-05-01 12:31:50', 'admin', 'GET', '/produk/daftar', '{}'),
(1196, '2023-05-01 12:31:50', 'admin', 'GET', '/produk/daftar', '{}'),
(1197, '2023-05-01 12:31:58', 'admin', 'GET', '/prediksi/RNT4MM', '{}'),
(1198, '2023-05-01 12:31:58', 'admin', 'GET', '/prediksi/RNT4MM', '{}'),
(1199, '2023-05-01 12:36:38', 'admin', 'GET', '/produk/daftar', '{}'),
(1200, '2023-05-01 12:36:38', 'admin', 'GET', '/produk/daftar', '{}'),
(1201, '2023-05-01 12:36:41', 'admin', 'GET', '/prediksi/FBLE10', '{}'),
(1202, '2023-05-01 12:36:41', 'admin', 'GET', '/prediksi/FBLE10', '{}'),
(1203, '2023-05-01 12:43:40', 'admin', 'GET', '/produk/daftar', '{}'),
(1204, '2023-05-01 12:43:40', 'admin', 'GET', '/produk/daftar', '{}'),
(1205, '2023-05-01 12:43:43', 'admin', 'GET', '/prediksi/PKTLSP', '{}'),
(1206, '2023-05-01 12:43:43', 'admin', 'GET', '/prediksi/PKTLSP', '{}'),
(1207, '2023-05-01 12:49:55', 'admin', 'GET', '/produk/daftar', '{}'),
(1208, '2023-05-01 12:49:55', 'admin', 'GET', '/produk/daftar', '{}'),
(1209, '2023-05-01 12:49:58', 'admin', 'GET', '/prediksi/KSKG', '{}'),
(1210, '2023-05-01 12:49:58', 'admin', 'GET', '/prediksi/KSKG', '{}'),
(1211, '2023-05-01 13:01:07', 'admin', 'GET', '/produk/daftar', '{}'),
(1212, '2023-05-01 13:01:07', 'admin', 'GET', '/produk/daftar', '{}'),
(1213, '2023-05-01 13:01:27', 'admin', 'GET', '/prediksi/KSKG', '{}'),
(1214, '2023-05-01 13:01:27', 'admin', 'GET', '/prediksi/KSKG', '{}'),
(1215, '2023-05-01 13:08:10', 'admin', 'GET', '/produk/daftar', '{}'),
(1216, '2023-05-01 13:08:10', 'admin', 'GET', '/produk/daftar', '{}'),
(1217, '2023-05-01 13:08:43', 'admin', 'POST', '/produk/tambah', '{\"kodeProduk\":\"KJB25\",\"namaProduk\":\"Kabel Jepit Buaya 25cm\",\"jenisProduk\":\"Kabel\",\"totalPenjualan\":0}'),
(1218, '2023-05-01 13:08:43', 'admin', 'GET', '/produk/daftar', '{}'),
(1219, '2023-05-01 13:08:43', 'admin', 'GET', '/produk/daftar', '{}'),
(1220, '2023-05-01 13:08:59', 'admin', 'POST', '/produk/tambah', '{\"kodeProduk\":\"KJB50\",\"namaProduk\":\"Kabel Jepit Buaya 50cm\",\"jenisProduk\":\"Kabel\",\"totalPenjualan\":0}'),
(1221, '2023-05-01 13:09:00', 'admin', 'GET', '/produk/daftar', '{}'),
(1222, '2023-05-01 13:09:00', 'admin', 'GET', '/produk/daftar', '{}'),
(1223, '2023-05-01 13:09:17', 'admin', 'POST', '/produk/tambah', '{\"kodeProduk\":\"KJB100\",\"namaProduk\":\"Kabel Jepit Buaya 100cm\",\"jenisProduk\":\"Kabel\",\"totalPenjualan\":0}'),
(1224, '2023-05-01 13:09:17', 'admin', 'GET', '/produk/daftar', '{}'),
(1225, '2023-05-01 13:09:17', 'admin', 'GET', '/produk/daftar', '{}'),
(1226, '2023-05-01 13:10:10', 'admin', 'POST', '/produk/tambah', '{\"kodeProduk\":\"KLS2X10\",\"namaProduk\":\"Kabel Listrik Serabut 2x10\",\"jenisProduk\":\"Kabel\",\"totalPenjualan\":0}'),
(1227, '2023-05-01 13:10:11', 'admin', 'GET', '/produk/daftar', '{}'),
(1228, '2023-05-01 13:10:11', 'admin', 'GET', '/produk/daftar', '{}'),
(1229, '2023-05-01 13:10:15', 'admin', 'GET', '/penjualan/daftar/KJB100', '{}'),
(1230, '2023-05-01 13:10:15', 'admin', 'GET', '/penjualan/daftar/KJB100', '{}'),
(1231, '2023-05-01 13:11:07', 'admin', 'GET', '/penjualan/daftar/KJB100', '{}'),
(1232, '2023-05-01 13:11:27', 'admin', 'GET', '/produk/daftar', '{}'),
(1233, '2023-05-01 13:11:27', 'admin', 'GET', '/produk/daftar', '{}'),
(1234, '2023-05-01 13:11:32', 'admin', 'GET', '/prediksi/KJB100', '{}'),
(1235, '2023-05-01 13:11:33', 'admin', 'GET', '/prediksi/KJB100', '{}'),
(1236, '2023-05-01 13:11:36', 'admin', 'GET', '/produk/daftar', '{}'),
(1237, '2023-05-01 13:11:36', 'admin', 'GET', '/produk/daftar', '{}'),
(1238, '2023-05-01 13:11:58', 'admin', 'GET', '/penjualan/daftar/KJB25', '{}'),
(1239, '2023-05-01 13:11:58', 'admin', 'GET', '/penjualan/daftar/KJB25', '{}'),
(1240, '2023-05-01 13:12:02', 'admin', 'GET', '/penjualan/daftar/KJB25', '{}'),
(1241, '2023-05-01 13:12:14', 'admin', 'GET', '/produk/daftar', '{}'),
(1242, '2023-05-01 13:12:14', 'admin', 'GET', '/produk/daftar', '{}'),
(1243, '2023-05-01 13:13:31', 'admin', 'GET', '/penjualan/daftar/KJB50', '{}'),
(1244, '2023-05-01 13:13:31', 'admin', 'GET', '/penjualan/daftar/KJB50', '{}'),
(1245, '2023-05-01 13:13:41', 'admin', 'GET', '/penjualan/daftar/KJB50', '{}'),
(1246, '2023-05-01 13:13:48', 'admin', 'GET', '/produk/daftar', '{}'),
(1247, '2023-05-01 13:13:48', 'admin', 'GET', '/produk/daftar', '{}'),
(1248, '2023-05-01 13:14:02', 'admin', 'GET', '/penjualan/daftar/KLS2X10', '{}'),
(1249, '2023-05-01 13:14:02', 'admin', 'GET', '/penjualan/daftar/KLS2X10', '{}'),
(1250, '2023-05-01 13:14:05', 'admin', 'GET', '/penjualan/daftar/KLS2X10', '{}'),
(1251, '2023-05-01 13:14:15', 'admin', 'GET', '/produk/daftar', '{}'),
(1252, '2023-05-01 13:14:15', 'admin', 'GET', '/produk/daftar', '{}'),
(1253, '2023-05-01 13:14:29', 'admin', 'GET', '/prediksi/KJB25', '{}'),
(1254, '2023-05-01 13:14:29', 'admin', 'GET', '/prediksi/KJB25', '{}'),
(1255, '2023-05-01 13:16:20', 'admin', 'GET', '/produk/daftar', '{}'),
(1256, '2023-05-01 13:16:21', 'admin', 'GET', '/produk/daftar', '{}'),
(1257, '2023-05-01 13:16:25', 'admin', 'GET', '/prediksi/KJB50', '{}'),
(1258, '2023-05-01 13:16:25', 'admin', 'GET', '/prediksi/KJB50', '{}'),
(1259, '2023-05-01 13:17:41', 'admin', 'GET', '/produk/daftar', '{}'),
(1260, '2023-05-01 13:17:41', 'admin', 'GET', '/produk/daftar', '{}'),
(1261, '2023-05-01 13:17:47', 'admin', 'GET', '/prediksi/KJB25', '{}'),
(1262, '2023-05-01 13:17:47', 'admin', 'GET', '/prediksi/KJB25', '{}'),
(1263, '2023-05-01 13:18:16', 'admin', 'GET', '/produk/daftar', '{}'),
(1264, '2023-05-01 13:18:16', 'admin', 'GET', '/produk/daftar', '{}'),
(1265, '2023-05-01 13:18:21', 'admin', 'GET', '/prediksi/KJB100', '{}'),
(1266, '2023-05-01 13:18:21', 'admin', 'GET', '/prediksi/KJB100', '{}'),
(1267, '2023-05-01 13:19:28', 'admin', 'GET', '/produk/daftar', '{}'),
(1268, '2023-05-01 13:19:28', 'admin', 'GET', '/produk/daftar', '{}'),
(1269, '2023-05-01 13:19:35', 'admin', 'GET', '/prediksi/KLS2X10', '{}'),
(1270, '2023-05-01 13:19:35', 'admin', 'GET', '/prediksi/KLS2X10', '{}'),
(1271, '2023-05-01 13:21:16', 'admin', 'GET', '/produk/daftar', '{}'),
(1272, '2023-05-01 13:21:16', 'admin', 'GET', '/produk/daftar', '{}'),
(1273, '2023-05-01 13:22:23', 'admin', 'POST', '/produk/tambah', '{\"kodeProduk\":\"SK2P\",\"namaProduk\":\"Saklar Kecil 2 Pin\",\"jenisProduk\":\"Saklar\",\"totalPenjualan\":0}'),
(1274, '2023-05-01 13:22:24', 'admin', 'GET', '/produk/daftar', '{}'),
(1275, '2023-05-01 13:22:24', 'admin', 'GET', '/produk/daftar', '{}'),
(1276, '2023-05-01 13:22:29', 'admin', 'GET', '/penjualan/daftar/SK2P', '{}'),
(1277, '2023-05-01 13:22:29', 'admin', 'GET', '/penjualan/daftar/SK2P', '{}'),
(1278, '2023-05-01 13:22:49', 'admin', 'GET', '/penjualan/daftar/SK2P', '{}'),
(1279, '2023-05-01 13:22:49', 'admin', 'GET', '/penjualan/daftar/SK2P', '{}'),
(1280, '2023-05-01 13:22:52', 'admin', 'GET', '/penjualan/daftar/SK2P', '{}'),
(1281, '2023-05-01 13:22:54', 'admin', 'GET', '/produk/daftar', '{}'),
(1282, '2023-05-01 13:22:54', 'admin', 'GET', '/produk/daftar', '{}'),
(1283, '2023-05-01 13:22:58', 'admin', 'GET', '/prediksi/SK2P', '{}'),
(1284, '2023-05-01 13:22:58', 'admin', 'GET', '/prediksi/SK2P', '{}'),
(1285, '2023-05-01 13:23:27', 'admin', 'GET', '/produk/daftar', '{}'),
(1286, '2023-05-01 13:23:27', 'admin', 'GET', '/produk/daftar', '{}'),
(1287, '2023-05-01 18:02:02', 'admin', 'GET', '/produk/daftar', '{}'),
(1288, '2023-05-01 18:02:02', 'admin', 'GET', '/produk/daftar', '{}'),
(1289, '2023-05-02 15:40:22', 'admin', 'GET', '/produk/daftar', '{}'),
(1290, '2023-05-02 15:40:22', 'admin', 'GET', '/produk/daftar', '{}'),
(1291, '2023-05-02 15:40:25', 'admin', 'GET', '/produk/daftar', '{}'),
(1292, '2023-05-02 15:40:25', 'admin', 'GET', '/produk/daftar', '{}'),
(1293, '2023-05-02 15:40:42', 'admin', 'POST', '/produk/tambah', '{\"kodeProduk\":\"TBA2\",\"namaProduk\":\"Tempat Baterai AA\",\"jenisProduk\":\"Tempat Baterai\",\"totalPenjualan\":0}'),
(1294, '2023-05-02 15:40:43', 'admin', 'GET', '/produk/daftar', '{}'),
(1295, '2023-05-02 15:40:43', 'admin', 'GET', '/produk/daftar', '{}'),
(1296, '2023-05-02 15:40:51', 'admin', 'GET', '/penjualan/daftar/TBA2', '{}'),
(1297, '2023-05-02 15:40:51', 'admin', 'GET', '/penjualan/daftar/TBA2', '{}'),
(1298, '2023-05-02 15:41:27', 'admin', 'GET', '/penjualan/daftar/TBA2', '{}'),
(1299, '2023-05-02 15:41:32', 'admin', 'GET', '/produk/daftar', '{}'),
(1300, '2023-05-02 15:41:33', 'admin', 'GET', '/produk/daftar', '{}'),
(1301, '2023-05-02 15:41:36', 'admin', 'GET', '/prediksi/TBA2', '{}'),
(1302, '2023-05-02 15:41:36', 'admin', 'GET', '/prediksi/TBA2', '{}'),
(1303, '2023-05-02 15:43:05', 'admin', 'GET', '/produk/daftar', '{}'),
(1304, '2023-05-02 15:43:06', 'admin', 'GET', '/produk/daftar', '{}'),
(1305, '2023-05-02 15:44:23', 'admin', 'POST', '/produk/tambah', '{\"kodeProduk\":\"PRLJP\",\"namaProduk\":\"Paket Rangkaian Listrik Lampu Jepit Buaya\",\"jenisProduk\":\"Paket Rangkaian\",\"totalPenjualan\":0}'),
(1306, '2023-05-02 15:44:24', 'admin', 'GET', '/produk/daftar', '{}'),
(1307, '2023-05-02 15:44:24', 'admin', 'GET', '/produk/daftar', '{}'),
(1308, '2023-05-02 15:44:30', 'admin', 'GET', '/penjualan/daftar/PRLJP', '{}'),
(1309, '2023-05-02 15:44:30', 'admin', 'GET', '/penjualan/daftar/PRLJP', '{}'),
(1310, '2023-05-02 15:44:48', 'admin', 'GET', '/penjualan/daftar/PRLJP', '{}'),
(1311, '2023-05-02 15:44:54', 'admin', 'GET', '/produk/daftar', '{}'),
(1312, '2023-05-02 15:44:54', 'admin', 'GET', '/produk/daftar', '{}'),
(1313, '2023-05-02 15:44:58', 'admin', 'GET', '/prediksi/PRLJP', '{}'),
(1314, '2023-05-02 15:44:58', 'admin', 'GET', '/prediksi/PRLJP', '{}'),
(1315, '2023-05-02 15:46:02', 'admin', 'GET', '/produk/daftar', '{}'),
(1316, '2023-05-02 15:46:03', 'admin', 'GET', '/produk/daftar', '{}'),
(1317, '2023-05-02 15:46:21', 'admin', 'POST', '/produk/tambah', '{\"kodeProduk\":\"PRLDJB\",\"namaProduk\":\"Paket Rangkaian Listrik Dioda Jepit Buaya\",\"jenisProduk\":\"Paket Rangkaian\",\"totalPenjualan\":0}'),
(1318, '2023-05-02 15:46:21', 'admin', 'GET', '/produk/daftar', '{}'),
(1319, '2023-05-02 15:46:21', 'admin', 'GET', '/produk/daftar', '{}'),
(1320, '2023-05-02 15:46:26', 'admin', 'GET', '/penjualan/daftar/PRLDJB', '{}'),
(1321, '2023-05-02 15:46:26', 'admin', 'GET', '/penjualan/daftar/PRLDJB', '{}'),
(1322, '2023-05-02 15:46:40', 'admin', 'GET', '/penjualan/daftar/PRLDJB', '{}'),
(1323, '2023-05-02 15:46:42', 'admin', 'GET', '/produk/daftar', '{}'),
(1324, '2023-05-02 15:46:42', 'admin', 'GET', '/produk/daftar', '{}'),
(1325, '2023-05-02 15:46:48', 'admin', 'GET', '/prediksi/PRLDJB', '{}'),
(1326, '2023-05-02 15:46:48', 'admin', 'GET', '/prediksi/PRLDJB', '{}'),
(1327, '2023-05-02 15:54:34', 'admin', 'GET', '/prediksi/PRLDJB', '{}'),
(1328, '2023-05-02 15:54:34', 'admin', 'GET', '/prediksi/PRLDJB', '{}'),
(1329, '2023-05-02 15:55:18', 'admin', 'GET', '/produk/daftar', '{}'),
(1330, '2023-05-02 15:55:18', 'admin', 'GET', '/produk/daftar', '{}'),
(1331, '2023-05-02 15:55:24', 'admin', 'GET', '/produk/daftar', '{}'),
(1332, '2023-05-02 15:55:24', 'admin', 'GET', '/produk/daftar', '{}'),
(1333, '2023-05-02 15:57:08', 'admin', 'GET', '/prediksi/KJB25', '{}'),
(1334, '2023-05-02 15:57:09', 'admin', 'GET', '/prediksi/KJB25', '{}'),
(1335, '2023-05-02 16:05:35', 'admin', 'GET', '/produk/daftar', '{}'),
(1336, '2023-05-02 16:05:35', 'admin', 'GET', '/produk/daftar', '{}'),
(1337, '2023-05-02 16:05:38', 'admin', 'GET', '/prediksi/KJB100', '{}'),
(1338, '2023-05-02 16:05:38', 'admin', 'GET', '/prediksi/KJB100', '{}'),
(1339, '2023-05-02 16:22:01', 'admin', 'GET', '/produk/daftar', '{}'),
(1340, '2023-05-02 16:22:01', 'admin', 'GET', '/produk/daftar', '{}'),
(1341, '2023-05-02 16:22:05', 'admin', 'GET', '/prediksi/RNT6MM', '{}'),
(1342, '2023-05-02 16:22:05', 'admin', 'GET', '/prediksi/RNT6MM', '{}'),
(1343, '2023-05-02 16:34:03', 'admin', 'GET', '/produk/daftar', '{}'),
(1344, '2023-05-02 16:34:03', 'admin', 'GET', '/produk/daftar', '{}'),
(1345, '2023-05-02 16:34:06', 'admin', 'GET', '/prediksi/KJB100', '{}'),
(1346, '2023-05-02 16:34:06', 'admin', 'GET', '/prediksi/KJB100', '{}'),
(1347, '2023-05-02 16:40:16', 'admin', 'GET', '/produk/daftar', '{}'),
(1348, '2023-05-02 16:40:16', 'admin', 'GET', '/produk/daftar', '{}'),
(1349, '2023-05-02 16:40:20', 'admin', 'GET', '/prediksi/KLS2X10', '{}'),
(1350, '2023-05-02 16:40:20', 'admin', 'GET', '/prediksi/KLS2X10', '{}'),
(1351, '2023-05-02 16:59:48', 'admin', 'GET', '/prediksi/FBLE10', '{}'),
(1352, '2023-05-02 16:59:48', 'admin', 'GET', '/prediksi/FBLE10', '{}'),
(1353, '2023-05-02 17:10:03', 'admin', 'GET', '/produk/daftar', '{}'),
(1354, '2023-05-02 17:10:03', 'admin', 'GET', '/produk/daftar', '{}'),
(1355, '2023-05-02 17:10:09', 'admin', 'GET', '/prediksi/PRLDJB', '{}'),
(1356, '2023-05-02 17:10:09', 'admin', 'GET', '/prediksi/PRLDJB', '{}'),
(1357, '2023-05-02 17:25:43', 'admin', 'GET', '/produk/daftar', '{}'),
(1358, '2023-05-02 17:25:43', 'admin', 'GET', '/produk/daftar', '{}'),
(1359, '2023-05-02 17:25:48', 'admin', 'GET', '/prediksi/PRLJP', '{}'),
(1360, '2023-05-02 17:25:48', 'admin', 'GET', '/prediksi/PRLJP', '{}'),
(1361, '2023-05-02 17:37:29', 'admin', 'GET', '/produk/daftar', '{}'),
(1362, '2023-05-02 17:37:30', 'admin', 'GET', '/produk/daftar', '{}'),
(1363, '2023-05-02 17:37:34', 'admin', 'GET', '/prediksi/PKTLSP', '{}'),
(1364, '2023-05-02 17:37:34', 'admin', 'GET', '/prediksi/PKTLSP', '{}'),
(1365, '2023-05-02 17:39:57', 'admin', 'GET', '/produk/daftar', '{}'),
(1366, '2023-05-02 17:39:57', 'admin', 'GET', '/produk/daftar', '{}'),
(1367, '2023-05-02 17:40:00', 'admin', 'GET', '/prediksi/RNT5MM', '{}'),
(1368, '2023-05-02 17:40:00', 'admin', 'GET', '/prediksi/RNT5MM', '{}'),
(1369, '2023-05-02 17:41:49', 'admin', 'GET', '/produk/daftar', '{}'),
(1370, '2023-05-02 17:41:50', 'admin', 'GET', '/produk/daftar', '{}'),
(1371, '2023-05-02 17:42:18', 'admin', 'GET', '/prediksi/SK2P', '{}'),
(1372, '2023-05-02 17:42:18', 'admin', 'GET', '/prediksi/SK2P', '{}'),
(1373, '2023-05-02 17:43:56', 'admin', 'GET', '/produk/daftar', '{}'),
(1374, '2023-05-02 17:43:56', 'admin', 'GET', '/produk/daftar', '{}'),
(1375, '2023-05-02 17:44:01', 'admin', 'GET', '/prediksi/PKTLSP', '{}'),
(1376, '2023-05-02 17:44:01', 'admin', 'GET', '/prediksi/PKTLSP', '{}'),
(1377, '2023-05-02 17:44:47', 'admin', 'GET', '/produk/daftar', '{}'),
(1378, '2023-05-02 17:44:47', 'admin', 'GET', '/produk/daftar', '{}'),
(1379, '2023-05-02 17:44:49', 'admin', 'GET', '/prediksi/FBLE10', '{}'),
(1380, '2023-05-02 17:44:49', 'admin', 'GET', '/prediksi/FBLE10', '{}'),
(1381, '2023-05-02 17:44:52', 'admin', 'GET', '/prediksi/KJB100', '{}'),
(1382, '2023-05-02 17:44:52', 'admin', 'GET', '/prediksi/KJB100', '{}'),
(1383, '2023-05-02 17:45:04', 'admin', 'GET', '/prediksi/KJB50', '{}'),
(1384, '2023-05-02 17:45:04', 'admin', 'GET', '/prediksi/KJB50', '{}'),
(1385, '2023-05-02 17:45:08', 'admin', 'GET', '/prediksi/KJB50', '{}'),
(1386, '2023-05-02 17:45:08', 'admin', 'GET', '/prediksi/KJB50', '{}'),
(1387, '2023-05-02 17:45:11', 'admin', 'GET', '/prediksi/KLS2X10', '{}'),
(1388, '2023-05-02 17:45:11', 'admin', 'GET', '/prediksi/KLS2X10', '{}'),
(1389, '2023-05-02 17:45:15', 'admin', 'GET', '/prediksi/KSKG', '{}'),
(1390, '2023-05-02 17:45:15', 'admin', 'GET', '/prediksi/KSKG', '{}'),
(1391, '2023-05-02 17:49:14', 'admin', 'GET', '/prediksi/SK2P', '{}'),
(1392, '2023-05-02 17:49:14', 'admin', 'GET', '/prediksi/SK2P', '{}'),
(1393, '2023-05-02 17:49:49', 'admin', 'GET', '/produk/daftar', '{}'),
(1394, '2023-05-02 17:49:49', 'admin', 'GET', '/produk/daftar', '{}');

-- --------------------------------------------------------

--
-- Table structure for table `penjualan`
--

CREATE TABLE `penjualan` (
  `kodePenjualan` varchar(100) NOT NULL,
  `kodeProduk` varchar(100) NOT NULL,
  `tahun` int(11) NOT NULL,
  `bulan` int(11) NOT NULL,
  `penjualan` int(11) NOT NULL
) ENGINE=InnoDB DEFAULT CHARSET=utf8mb4 COLLATE=utf8mb4_general_ci;

--
-- Dumping data for table `penjualan`
--

INSERT INTO `penjualan` (`kodePenjualan`, `kodeProduk`, `tahun`, `bulan`, `penjualan`) VALUES
('FBLE1020231', 'FBLE10', 2023, 1, 25),
('FBLE10202310', 'FBLE10', 2023, 10, 310),
('FBLE10202311', 'FBLE10', 2023, 11, 284),
('FBLE10202312', 'FBLE10', 2023, 12, 100),
('FBLE1020232', 'FBLE10', 2023, 2, 366),
('FBLE1020233', 'FBLE10', 2023, 3, 224),
('FBLE1020234', 'FBLE10', 2023, 4, 77),
('FBLE1020235', 'FBLE10', 2023, 5, 21),
('FBLE1020236', 'FBLE10', 2023, 6, 8),
('FBLE1020237', 'FBLE10', 2023, 7, 6),
('FBLE1020238', 'FBLE10', 2023, 8, 110),
('FBLE1020239', 'FBLE10', 2023, 9, 252),
('FBLE1020241', 'FBLE10', 2024, 1, 291),
('FBLE1020242', 'FBLE10', 2024, 2, 458),
('FBLE1020243', 'FBLE10', 2024, 3, 283),
('KJB10020231', 'KJB100', 2023, 1, 22),
('KJB100202310', 'KJB100', 2023, 10, 25),
('KJB100202311', 'KJB100', 2023, 11, 34),
('KJB100202312', 'KJB100', 2023, 12, 39),
('KJB10020232', 'KJB100', 2023, 2, 6),
('KJB10020233', 'KJB100', 2023, 3, 14),
('KJB10020234', 'KJB100', 2023, 4, 12),
('KJB10020235', 'KJB100', 2023, 5, 29),
('KJB10020236', 'KJB100', 2023, 6, 6),
('KJB10020237', 'KJB100', 2023, 7, 7),
('KJB10020238', 'KJB100', 2023, 8, 6),
('KJB10020239', 'KJB100', 2023, 9, 15),
('KJB10020241', 'KJB100', 2024, 1, 40),
('KJB10020242', 'KJB100', 2024, 2, 26),
('KJB10020243', 'KJB100', 2024, 3, 32),
('KJB2520231', 'KJB25', 2023, 1, 5),
('KJB25202310', 'KJB25', 2023, 10, 308),
('KJB25202311', 'KJB25', 2023, 11, 254),
('KJB25202312', 'KJB25', 2023, 12, 71),
('KJB2520232', 'KJB25', 2023, 2, 87),
('KJB2520233', 'KJB25', 2023, 3, 105),
('KJB2520234', 'KJB25', 2023, 4, 60),
('KJB2520235', 'KJB25', 2023, 5, 45),
('KJB2520236', 'KJB25', 2023, 6, 33),
('KJB2520237', 'KJB25', 2023, 7, 5),
('KJB2520238', 'KJB25', 2023, 8, 131),
('KJB2520239', 'KJB25', 2023, 9, 111),
('KJB2520241', 'KJB25', 2024, 1, 170),
('KJB2520242', 'KJB25', 2024, 2, 227),
('KJB2520243', 'KJB25', 2024, 3, 137),
('KJB5020231', 'KJB50', 2023, 1, 0),
('KJB50202310', 'KJB50', 2023, 10, 282),
('KJB50202311', 'KJB50', 2023, 11, 46),
('KJB50202312', 'KJB50', 2023, 12, 85),
('KJB5020232', 'KJB50', 2023, 2, 36),
('KJB5020233', 'KJB50', 2023, 3, 48),
('KJB5020234', 'KJB50', 2023, 4, 18),
('KJB5020235', 'KJB50', 2023, 5, 14),
('KJB5020236', 'KJB50', 2023, 6, 6),
('KJB5020237', 'KJB50', 2023, 7, 7),
('KJB5020238', 'KJB50', 2023, 8, 71),
('KJB5020239', 'KJB50', 2023, 9, 95),
('KJB5020241', 'KJB50', 2024, 1, 89),
('KJB5020242', 'KJB50', 2024, 2, 59),
('KJB5020243', 'KJB50', 2024, 3, 141),
('KLS2X1020231', 'KLS2X10', 2023, 1, 5),
('KLS2X10202310', 'KLS2X10', 2023, 10, 62),
('KLS2X10202311', 'KLS2X10', 2023, 11, 43),
('KLS2X10202312', 'KLS2X10', 2023, 12, 46),
('KLS2X1020232', 'KLS2X10', 2023, 2, 59),
('KLS2X1020233', 'KLS2X10', 2023, 3, 106),
('KLS2X1020234', 'KLS2X10', 2023, 4, 32),
('KLS2X1020235', 'KLS2X10', 2023, 5, 18),
('KLS2X1020236', 'KLS2X10', 2023, 6, 2),
('KLS2X1020237', 'KLS2X10', 2023, 7, 5),
('KLS2X1020238', 'KLS2X10', 2023, 8, 26),
('KLS2X1020239', 'KLS2X10', 2023, 9, 108),
('KLS2X1020241', 'KLS2X10', 2024, 1, 92),
('KLS2X1020242', 'KLS2X10', 2024, 2, 265),
('KLS2X1020243', 'KLS2X10', 2024, 3, 179),
('KSKG20231', 'KSKG', 2023, 1, 0),
('KSKG202310', 'KSKG', 2023, 10, 150),
('KSKG202311', 'KSKG', 2023, 11, 57),
('KSKG202312', 'KSKG', 2023, 12, 106),
('KSKG20232', 'KSKG', 2023, 2, 107),
('KSKG20233', 'KSKG', 2023, 3, 14),
('KSKG20234', 'KSKG', 2023, 4, 49),
('KSKG20235', 'KSKG', 2023, 5, 336),
('KSKG20236', 'KSKG', 2023, 6, 73),
('KSKG20237', 'KSKG', 2023, 7, 160),
('KSKG20238', 'KSKG', 2023, 8, 75),
('KSKG20239', 'KSKG', 2023, 9, 68),
('KSKG20241', 'KSKG', 2024, 1, 151),
('KSKG20242', 'KSKG', 2024, 2, 92),
('KSKG20243', 'KSKG', 2024, 3, 131),
('PKTLSP20231', 'PKTLSP', 2023, 1, 120),
('PKTLSP202310', 'PKTLSP', 2023, 10, 485),
('PKTLSP202311', 'PKTLSP', 2023, 11, 216),
('PKTLSP202312', 'PKTLSP', 2023, 12, 63),
('PKTLSP20232', 'PKTLSP', 2023, 2, 166),
('PKTLSP20233', 'PKTLSP', 2023, 3, 389),
('PKTLSP20234', 'PKTLSP', 2023, 4, 97),
('PKTLSP20235', 'PKTLSP', 2023, 5, 107),
('PKTLSP20236', 'PKTLSP', 2023, 6, 11),
('PKTLSP20237', 'PKTLSP', 2023, 7, 33),
('PKTLSP20238', 'PKTLSP', 2023, 8, 138),
('PKTLSP20239', 'PKTLSP', 2023, 9, 481),
('PKTLSP20241', 'PKTLSP', 2024, 1, 217),
('PKTLSP20242', 'PKTLSP', 2024, 2, 549),
('PKTLSP20243', 'PKTLSP', 2024, 3, 758),
('PRLDJB20231', 'PRLDJB', 2023, 1, 12),
('PRLDJB202310', 'PRLDJB', 2023, 10, 119),
('PRLDJB202311', 'PRLDJB', 2023, 11, 86),
('PRLDJB202312', 'PRLDJB', 2023, 12, 44),
('PRLDJB20232', 'PRLDJB', 2023, 2, 65),
('PRLDJB20233', 'PRLDJB', 2023, 3, 41),
('PRLDJB20234', 'PRLDJB', 2023, 4, 15),
('PRLDJB20235', 'PRLDJB', 2023, 5, 21),
('PRLDJB20236', 'PRLDJB', 2023, 6, 2),
('PRLDJB20237', 'PRLDJB', 2023, 7, 3),
('PRLDJB20238', 'PRLDJB', 2023, 8, 35),
('PRLDJB20239', 'PRLDJB', 2023, 9, 119),
('PRLDJB20241', 'PRLDJB', 2024, 1, 11),
('PRLDJB20242', 'PRLDJB', 2024, 2, 27),
('PRLDJB20243', 'PRLDJB', 2024, 3, 22),
('PRLJP20231', 'PRLJP', 2023, 1, 46),
('PRLJP202310', 'PRLJP', 2023, 10, 96),
('PRLJP202311', 'PRLJP', 2023, 11, 74),
('PRLJP202312', 'PRLJP', 2023, 12, 3),
('PRLJP20232', 'PRLJP', 2023, 2, 81),
('PRLJP20233', 'PRLJP', 2023, 3, 78),
('PRLJP20234', 'PRLJP', 2023, 4, 66),
('PRLJP20235', 'PRLJP', 2023, 5, 29),
('PRLJP20236', 'PRLJP', 2023, 6, 3),
('PRLJP20237', 'PRLJP', 2023, 7, 9),
('PRLJP20238', 'PRLJP', 2023, 8, 49),
('PRLJP20239', 'PRLJP', 2023, 9, 109),
('PRLJP20241', 'PRLJP', 2024, 1, 95),
('PRLJP20242', 'PRLJP', 2024, 2, 84),
('PRLJP20243', 'PRLJP', 2024, 3, 38),
('RNT4MM20231', 'RNT4MM', 2023, 1, 0),
('RNT4MM202310', 'RNT4MM', 2023, 10, 137),
('RNT4MM202311', 'RNT4MM', 2023, 11, 85),
('RNT4MM202312', 'RNT4MM', 2023, 12, 94),
('RNT4MM20232', 'RNT4MM', 2023, 2, 0),
('RNT4MM20233', 'RNT4MM', 2023, 3, 18),
('RNT4MM20234', 'RNT4MM', 2023, 4, 85),
('RNT4MM20235', 'RNT4MM', 2023, 5, 81),
('RNT4MM20236', 'RNT4MM', 2023, 6, 85),
('RNT4MM20237', 'RNT4MM', 2023, 7, 110),
('RNT4MM20238', 'RNT4MM', 2023, 8, 169),
('RNT4MM20239', 'RNT4MM', 2023, 9, 112),
('RNT4MM20241', 'RNT4MM', 2024, 1, 84),
('RNT4MM20242', 'RNT4MM', 2024, 2, 235),
('RNT4MM20243', 'RNT4MM', 2024, 3, 91),
('RNT5MM20231', 'RNT5MM', 2023, 1, 35),
('RNT5MM202310', 'RNT5MM', 2023, 10, 65),
('RNT5MM202311', 'RNT5MM', 2023, 11, 84),
('RNT5MM202312', 'RNT5MM', 2023, 12, 106),
('RNT5MM20232', 'RNT5MM', 2023, 2, 52),
('RNT5MM20233', 'RNT5MM', 2023, 3, 66),
('RNT5MM20234', 'RNT5MM', 2023, 4, 71),
('RNT5MM20235', 'RNT5MM', 2023, 5, 62),
('RNT5MM20236', 'RNT5MM', 2023, 6, 74),
('RNT5MM20237', 'RNT5MM', 2023, 7, 76),
('RNT5MM20238', 'RNT5MM', 2023, 8, 160),
('RNT5MM20239', 'RNT5MM', 2023, 9, 57),
('RNT5MM20241', 'RNT5MM', 2024, 1, 96),
('RNT5MM20242', 'RNT5MM', 2024, 2, 61),
('RNT5MM20243', 'RNT5MM', 2024, 3, 98),
('RNT6MM20231', 'RNT6MM', 2023, 1, 69),
('RNT6MM202310', 'RNT6MM', 2023, 10, 105),
('RNT6MM202311', 'RNT6MM', 2023, 11, 83),
('RNT6MM202312', 'RNT6MM', 2023, 12, 104),
('RNT6MM20232', 'RNT6MM', 2023, 2, 42),
('RNT6MM20233', 'RNT6MM', 2023, 3, 44),
('RNT6MM20234', 'RNT6MM', 2023, 4, 65),
('RNT6MM20235', 'RNT6MM', 2023, 5, 96),
('RNT6MM20236', 'RNT6MM', 2023, 6, 131),
('RNT6MM20237', 'RNT6MM', 2023, 7, 84),
('RNT6MM20238', 'RNT6MM', 2023, 8, 90),
('RNT6MM20239', 'RNT6MM', 2023, 9, 58),
('RNT6MM20241', 'RNT6MM', 2024, 1, 92),
('RNT6MM20242', 'RNT6MM', 2024, 2, 123),
('RNT6MM20243', 'RNT6MM', 2024, 3, 138),
('SK2P20231', 'SK2P', 2023, 1, 3),
('SK2P202310', 'SK2P', 2023, 10, 167),
('SK2P202311', 'SK2P', 2023, 11, 72),
('SK2P202312', 'SK2P', 2023, 12, 15),
('SK2P20232', 'SK2P', 2023, 2, 165),
('SK2P20233', 'SK2P', 2023, 3, 98),
('SK2P20234', 'SK2P', 2023, 4, 30),
('SK2P20235', 'SK2P', 2023, 5, 15),
('SK2P20236', 'SK2P', 2023, 6, 1),
('SK2P20237', 'SK2P', 2023, 7, 3),
('SK2P20238', 'SK2P', 2023, 8, 40),
('SK2P20239', 'SK2P', 2023, 9, 170),
('SK2P20241', 'SK2P', 2024, 1, 338),
('SK2P20242', 'SK2P', 2024, 2, 190),
('SK2P20243', 'SK2P', 2024, 3, 225),
('TBA220231', 'TBA2', 2023, 1, 4),
('TBA2202310', 'TBA2', 2023, 10, 40),
('TBA2202311', 'TBA2', 2023, 11, 21),
('TBA2202312', 'TBA2', 2023, 12, 14),
('TBA220232', 'TBA2', 2023, 2, 115),
('TBA220233', 'TBA2', 2023, 3, 19),
('TBA220234', 'TBA2', 2023, 4, 9),
('TBA220235', 'TBA2', 2023, 5, 15),
('TBA220236', 'TBA2', 2023, 6, 1),
('TBA220237', 'TBA2', 2023, 7, 2),
('TBA220238', 'TBA2', 2023, 8, 27),
('TBA220239', 'TBA2', 2023, 9, 57),
('TBA220241', 'TBA2', 2024, 1, 86),
('TBA220242', 'TBA2', 2024, 2, 68),
('TBA220243', 'TBA2', 2024, 3, 65);

-- --------------------------------------------------------

--
-- Table structure for table `produk`
--

CREATE TABLE `produk` (
  `kodeProduk` varchar(100) NOT NULL,
  `namaProduk` varchar(100) NOT NULL,
  `jenisProduk` varchar(100) NOT NULL,
  `totalPenjualan` int(11) NOT NULL
) ENGINE=InnoDB DEFAULT CHARSET=utf8mb4 COLLATE=utf8mb4_general_ci;

--
-- Dumping data for table `produk`
--

INSERT INTO `produk` (`kodeProduk`, `namaProduk`, `jenisProduk`, `totalPenjualan`) VALUES
('FBLE10', 'Fitting Bohlam Lampu E10', 'Lampu', 2815),
('KJB100', 'Kabel Jepit Buaya 100cm', 'Kabel', 313),
('KJB25', 'Kabel Jepit Buaya 25cm', 'Kabel', 1749),
('KJB50', 'Kabel Jepit Buaya 50cm', 'Kabel', 997),
('KLS2X10', 'Kabel Listrik Serabut 2x10', 'Kabel', 1048),
('KSKG', 'Mata Pisau Gurinda KOSOKU', 'Pisau Gurinda', 1569),
('PKTLSP', 'Paket Rangkaian Lampu Seri Pararel', 'Paket Rangkaian', 3830),
('PRLDJB', 'Paket Rangkaian Listrik Dioda Jepit Buaya', 'Paket Rangkaian', 622),
('PRLJP', 'Paket Rangkaian Listrik Lampu Jepit Buaya', 'Paket Rangkaian', 860),
('RNT4MM', 'Rantai Besi Pagar 4mm', 'Rantai', 1386),
('RNT5MM', 'Rantai Besi Pagar 5mm', 'Rantai', 1163),
('RNT6MM', 'Rantai Besi Pagar 6mm', 'Rantai', 1324),
('SK2P', 'Saklar Kecil 2 Pin', 'Saklar', 1532),
('TBA2', 'Tempat Baterai AA', 'Tempat Baterai', 543);

-- --------------------------------------------------------

--
-- Table structure for table `user`
--

CREATE TABLE `user` (
  `username` varchar(100) NOT NULL,
  `nama` varchar(100) NOT NULL,
  `noTelepon` varchar(100) NOT NULL,
  `alamat` varchar(1000) NOT NULL,
  `status` varchar(100) NOT NULL,
  `password` varchar(100) NOT NULL
) ENGINE=InnoDB DEFAULT CHARSET=utf8mb4 COLLATE=utf8mb4_general_ci;

--
-- Dumping data for table `user`
--

INSERT INTO `user` (`username`, `nama`, `noTelepon`, `alamat`, `status`, `password`) VALUES
('admin', 'Admin', '-', '\" Alamat rumahnya Admin \"', 'admin', 'admin123'),
('guest', 'Guest', '-', '\" Alamat rumahnya Guest \"', 'guest', 'guest123');

--
-- Indexes for dumped tables
--

--
-- Indexes for table `logactivity`
--
ALTER TABLE `logactivity`
  ADD PRIMARY KEY (`nomor`),
  ADD KEY `username` (`username`);

--
-- Indexes for table `penjualan`
--
ALTER TABLE `penjualan`
  ADD PRIMARY KEY (`kodePenjualan`),
  ADD KEY `kodeProduk` (`kodeProduk`);

--
-- Indexes for table `produk`
--
ALTER TABLE `produk`
  ADD PRIMARY KEY (`kodeProduk`);

--
-- Indexes for table `user`
--
ALTER TABLE `user`
  ADD PRIMARY KEY (`username`);

--
-- AUTO_INCREMENT for dumped tables
--

--
-- AUTO_INCREMENT for table `logactivity`
--
ALTER TABLE `logactivity`
  MODIFY `nomor` int(11) NOT NULL AUTO_INCREMENT, AUTO_INCREMENT=1395;

--
-- Constraints for dumped tables
--

--
-- Constraints for table `logactivity`
--
ALTER TABLE `logactivity`
  ADD CONSTRAINT `logactivity_ibfk_1` FOREIGN KEY (`username`) REFERENCES `user` (`username`);

--
-- Constraints for table `penjualan`
--
ALTER TABLE `penjualan`
  ADD CONSTRAINT `penjualan_ibfk_1` FOREIGN KEY (`kodeProduk`) REFERENCES `produk` (`kodeProduk`);
COMMIT;

/*!40101 SET CHARACTER_SET_CLIENT=@OLD_CHARACTER_SET_CLIENT */;
/*!40101 SET CHARACTER_SET_RESULTS=@OLD_CHARACTER_SET_RESULTS */;
/*!40101 SET COLLATION_CONNECTION=@OLD_COLLATION_CONNECTION */;
